timestamp,acc_x,acc_y,acc_z,gyro_x,gyro_y,gyro_z,temp
2024-10-31T03:33:11.522350,0.181640625,-0.802490234375,0.55029296875,1.4885496183206106,-0.3282442748091603,0.022900763358778626,22.506470588235295
2024-10-31T03:33:11.630165,0.193359375,-0.802490234375,0.55615234375,1.2213740458015268,-0.5038167938931297,0.2900763358778626,22.506470588235295
2024-10-31T03:33:11.736146,0.19677734375,-0.83984375,0.557373046875,0.37404580152671757,-0.6030534351145038,0.29770992366412213,22.60058823529412
2024-10-31T03:33:11.842115,0.183837890625,-0.81396484375,0.552734375,0.20610687022900764,-0.916030534351145,-0.4122137404580153,22.459411764705884
2024-10-31T03:33:11.948072,0.188720703125,-0.807373046875,0.557861328125,1.183206106870229,-0.5114503816793893,0.0,22.412352941176472
2024-10-31T03:33:12.054027,0.1923828125,-0.835205078125,0.549072265625,1.1145038167938932,-0.6183206106870229,0.09923664122137404,22.553529411764707
2024-10-31T03:33:12.159994,0.18896484375,-0.829345703125,0.574462890625,0.4351145038167939,-0.7862595419847328,-0.21374045801526717,22.506470588235295
2024-10-31T03:33:12.265966,0.185791015625,-0.8115234375,0.55908203125,1.0610687022900764,-0.7175572519083969,-0.4961832061068702,22.459411764705884
2024-10-31T03:33:12.371918,0.185791015625,-0.808837890625,0.55419921875,1.297709923664122,-0.35877862595419846,-0.1984732824427481,22.553529411764707
2024-10-31T03:33:12.477871,0.19140625,-0.82080078125,0.552978515625,0.7022900763358778,-0.5267175572519084,-0.29770992366412213,22.459411764705884
2024-10-31T03:33:12.583820,0.20263671875,-0.824951171875,0.55517578125,0.916030534351145,-0.5419847328244275,-0.732824427480916,22.412352941176472
2024-10-31T03:33:12.689785,0.181640625,-0.800048828125,0.55517578125,1.2671755725190839,-0.3511450381679389,-0.7480916030534351,22.36529411764706
2024-10-31T03:33:12.795735,0.1904296875,-0.819580078125,0.547607421875,1.0076335877862594,-0.32061068702290074,-0.25190839694656486,22.506470588235295
2024-10-31T03:33:12.901697,0.189697265625,-0.828125,0.549560546875,0.5954198473282443,-0.7251908396946565,-0.6106870229007634,22.459411764705884
2024-10-31T03:33:13.007651,0.18408203125,-0.81982421875,0.550048828125,1.1450381679389312,-0.6183206106870229,-0.7404580152671756,22.506470588235295
2024-10-31T03:33:13.113610,0.18310546875,-0.8046875,0.549560546875,1.4732824427480915,-0.22137404580152673,-0.3816793893129771,22.459411764705884
2024-10-31T03:33:13.219577,0.1904296875,-0.827880859375,0.552978515625,0.7786259541984732,-0.4351145038167939,-0.35877862595419846,22.506470588235295
2024-10-31T03:33:13.325531,0.185546875,-0.815673828125,0.55078125,0.8854961832061069,-0.7709923664122137,-1.0,22.459411764705884
2024-10-31T03:33:13.431479,0.18408203125,-0.809326171875,0.5498046875,1.450381679389313,-0.3282442748091603,-0.7175572519083969,22.412352941176472
2024-10-31T03:33:13.537431,0.202880859375,-0.82080078125,0.549560546875,1.1221374045801527,-0.4198473282442748,-0.32061068702290074,22.553529411764707
2024-10-31T03:33:13.643393,0.184814453125,-0.821044921875,0.554443359375,0.5801526717557252,-0.6793893129770993,-0.3511450381679389,22.506470588235295
2024-10-31T03:33:13.749358,0.18017578125,-0.811279296875,0.55419921875,1.2442748091603053,-0.5419847328244275,-0.4122137404580153,22.459411764705884
2024-10-31T03:33:13.855304,0.185546875,-0.812744140625,0.55517578125,1.2671755725190839,-0.48854961832061067,-0.21374045801526717,22.506470588235295
2024-10-31T03:33:13.961253,0.189697265625,-0.819580078125,0.549072265625,0.7862595419847328,-0.6946564885496184,-0.11450381679389313,22.553529411764707
2024-10-31T03:33:14.067214,0.181640625,-0.813232421875,0.558837890625,0.8473282442748091,-0.8625954198473282,0.04580152671755725,22.412352941176472
2024-10-31T03:33:14.173179,0.5849609375,-1.097412109375,0.405517578125,-207.6030534351145,9.877862595419847,-152.6030534351145,22.412352941176472
2024-10-31T03:33:14.279139,0.13427734375,-0.212158203125,0.433837890625,237.74809160305344,15.030534351145038,18.31297709923664,22.459411764705884
2024-10-31T03:33:14.385083,-0.25439453125,-1.74365234375,0.9228515625,38.587786259541986,21.709923664122137,100.13740458015268,22.506470588235295
2024-10-31T03:33:14.491035,0.24072265625,-0.873291015625,0.616943359375,-14.755725190839694,0.3282442748091603,-21.435114503816795,22.553529411764707
2024-10-31T03:33:14.597003,0.19482421875,-0.798095703125,0.55078125,-3.435114503816794,-5.625954198473282,-0.33587786259541985,22.506470588235295
2024-10-31T03:33:14.702969,0.179931640625,-0.814697265625,0.5576171875,0.6259541984732825,-1.1221374045801527,0.9847328244274809,22.459411764705884
2024-10-31T03:33:14.808918,0.172119140625,-0.81005859375,0.561279296875,0.9541984732824428,-0.5954198473282443,0.40458015267175573,22.506470588235295
2024-10-31T03:33:14.914869,0.178955078125,-0.811767578125,0.557373046875,1.099236641221374,-0.5038167938931297,0.7633587786259542,22.459411764705884
2024-10-31T03:33:15.020830,0.181640625,-0.823974609375,0.5654296875,0.7022900763358778,-0.9770992366412213,0.3053435114503817,22.412352941176472
2024-10-31T03:33:15.126789,0.17919921875,-0.81640625,0.52099609375,1.717557251908397,20.99236641221374,-10.129770992366412,22.459411764705884
2024-10-31T03:33:15.232753,0.32177734375,-0.79736328125,0.535400390625,-8.305343511450381,-15.564885496183207,-28.50381679389313,22.506470588235295
2024-10-31T03:33:15.338708,0.26171875,-0.84423828125,0.51904296875,-9.557251908396946,14.893129770992367,-6.961832061068702,22.459411764705884
2024-10-31T03:33:15.444654,0.281005859375,-0.83935546875,0.5048828125,-24.51145038167939,16.763358778625953,-16.17557251908397,22.506470588235295
2024-10-31T03:33:15.550607,0.325439453125,-0.803955078125,0.285888671875,-13.419847328244275,6.404580152671755,-25.16030534351145,22.459411764705884
2024-10-31T03:33:15.656566,0.411376953125,-0.923583984375,0.44580078125,-3.1908396946564888,0.6641221374045801,25.916030534351144,22.60058823529412
2024-10-31T03:33:15.762541,0.507080078125,-0.911376953125,0.400390625,11.290076335877863,-21.786259541984734,45.50381679389313,22.553529411764707
2024-10-31T03:33:15.868491,0.518310546875,-0.8583984375,0.407470703125,2.6412213740458017,-17.16030534351145,-17.045801526717558,22.412352941176472
2024-10-31T03:33:15.974439,0.456298828125,-0.784423828125,0.399658203125,-14.778625954198473,14.885496183206106,-21.450381679389313,22.459411764705884
2024-10-31T03:33:16.080412,0.3173828125,-0.857177734375,0.426025390625,-19.389312977099237,22.46564885496183,-40.44274809160305,22.506470588235295
2024-10-31T03:33:16.186375,0.36181640625,-0.76904296875,0.31884765625,-17.885496183206108,-8.374045801526718,7.076335877862595,22.412352941176472
2024-10-31T03:33:16.292326,0.34130859375,-0.8623046875,0.36767578125,-7.244274809160306,-5.809160305343512,77.54198473282443,22.64764705882353
2024-10-31T03:33:16.398280,0.166748046875,-0.89501953125,0.375244140625,-8.610687022900763,-2.648854961832061,94.98473282442748,22.459411764705884
2024-10-31T03:33:16.504231,0.1259765625,-0.94189453125,0.365234375,-5.1603053435114505,-1.1526717557251909,57.152671755725194,22.553529411764707
2024-10-31T03:33:16.610192,0.09033203125,-1.023193359375,0.375,-14.236641221374045,-2.7938931297709924,14.610687022900763,22.506470588235295
2024-10-31T03:33:16.716148,0.060302734375,-0.9453125,0.305419921875,-14.564885496183207,-3.9236641221374047,19.893129770992367,22.553529411764707
2024-10-31T03:33:16.822103,0.12158203125,-0.9609375,0.2822265625,1.748091603053435,-8.82442748091603,-48.900763358778626,22.60058823529412
2024-10-31T03:33:16.928045,0.21044921875,-0.977294921875,0.27490234375,-36.44274809160305,-14.595419847328245,-53.534351145038165,22.553529411764707
2024-10-31T03:33:17.033991,0.249755859375,-0.858642578125,0.159912109375,-34.038167938931295,-15.297709923664122,-86.90076335877863,22.553529411764707
2024-10-31T03:33:17.139955,0.5048828125,-0.8525390625,0.092041015625,-50.229007633587784,-23.519083969465647,-131.42748091603053,22.459411764705884
2024-10-31T03:33:17.245921,0.603759765625,-0.741455078125,-0.02392578125,-47.51908396946565,-30.022900763358777,-72.96946564885496,22.64764705882353
2024-10-31T03:33:17.351869,0.696044921875,-0.6591796875,-0.077392578125,-20.80916030534351,-20.47328244274809,-41.786259541984734,22.60058823529412
2024-10-31T03:33:17.457837,0.8408203125,-0.458984375,-0.2001953125,-40.38931297709924,-21.053435114503817,-57.587786259541986,22.64764705882353
2024-10-31T03:33:17.563797,0.922119140625,-0.2490234375,-0.2529296875,-28.137404580152673,-12.32824427480916,-68.87786259541984,22.506470588235295
2024-10-31T03:33:17.669767,0.9873046875,-0.1796875,-0.306640625,-51.534351145038165,-15.305343511450381,-83.05343511450381,22.553529411764707
2024-10-31T03:33:17.775725,0.871337890625,-0.082763671875,-0.272216796875,-42.98473282442748,-12.98473282442748,-45.786259541984734,22.64764705882353
2024-10-31T03:33:17.881676,1.018798828125,-0.140625,-0.311767578125,-10.381679389312977,-15.51908396946565,-21.49618320610687,22.553529411764707
2024-10-31T03:33:17.987621,0.966796875,-0.078125,-0.38232421875,17.557251908396946,-10.129770992366412,110.80916030534351,22.459411764705884
2024-10-31T03:33:18.093568,0.9091796875,-0.4248046875,-0.364013671875,38.458015267175576,7.366412213740458,124.53435114503817,22.506470588235295
2024-10-31T03:33:18.199540,0.687255859375,-0.801513671875,-0.251953125,1.366412213740458,-19.519083969465647,219.78625954198472,22.553529411764707
2024-10-31T03:33:18.305506,0.3291015625,-0.847412109375,-0.34716796875,-10.473282442748092,-35.56488549618321,115.5114503816794,22.60058823529412
2024-10-31T03:33:18.411462,0.249267578125,-0.83056640625,-0.384521484375,-7.8320610687022905,-24.732824427480917,4.0534351145038165,22.553529411764707
2024-10-31T03:33:18.517413,0.20947265625,-0.81884765625,-0.446044921875,-5.938931297709924,-19.267175572519083,-19.908396946564885,22.60058823529412
2024-10-31T03:33:18.623392,0.248046875,-0.70947265625,-0.55322265625,-30.709923664122137,-11.282442748091603,-51.83969465648855,22.64764705882353
2024-10-31T03:33:18.729378,0.239013671875,-0.73876953125,-0.63232421875,-48.85496183206107,-17.53435114503817,-49.57251908396947,22.553529411764707
2024-10-31T03:33:18.835340,0.441650390625,-0.591064453125,-0.712646484375,-109.61068702290076,7.580152671755725,-53.83969465648855,22.506470588235295
2024-10-31T03:33:18.941297,0.4072265625,-0.429443359375,-0.74462890625,-52.30534351145038,-9.526717557251908,-33.81679389312977,22.553529411764707
2024-10-31T03:33:19.047261,0.44775390625,-0.44384765625,-0.85693359375,3.0610687022900764,-17.99236641221374,6.67175572519084,22.60058823529412
2024-10-31T03:33:19.153240,0.381591796875,-0.38232421875,-0.74609375,13.061068702290076,-9.351145038167939,19.541984732824428,22.60058823529412
2024-10-31T03:33:19.259208,0.412353515625,-0.368896484375,-0.778564453125,-9.305343511450381,-14.038167938931299,17.885496183206108,22.553529411764707
2024-10-31T03:33:19.365163,0.4013671875,-0.368896484375,-0.828369140625,38.55725190839695,-8.595419847328245,-6.580152671755725,22.506470588235295
2024-10-31T03:33:19.471118,0.3818359375,-0.36376953125,-0.76708984375,26.114503816793892,14.305343511450381,-13.748091603053435,22.60058823529412
2024-10-31T03:33:19.577078,0.407958984375,-0.48828125,-0.7880859375,43.25954198473283,12.572519083969466,8.15267175572519,22.64764705882353
2024-10-31T03:33:19.683047,0.417724609375,-0.54931640625,-0.63623046875,105.51908396946565,8.633587786259541,12.648854961832061,22.60058823529412
2024-10-31T03:33:19.789000,0.400634765625,-0.70849609375,-0.52587890625,39.61068702290076,15.17557251908397,9.83206106870229,22.60058823529412
2024-10-31T03:33:19.894960,0.330322265625,-0.73974609375,-0.429443359375,99.69465648854961,14.267175572519085,9.297709923664122,22.553529411764707
2024-10-31T03:33:20.000903,0.359130859375,-0.824462890625,-0.2802734375,74.76335877862596,18.251908396946565,33.74045801526717,22.60058823529412
2024-10-31T03:33:20.106856,0.266845703125,-0.89794921875,-0.147216796875,74.13740458015268,18.793893129770993,37.94656488549618,22.553529411764707
2024-10-31T03:33:20.212805,0.249755859375,-0.8955078125,-0.027587890625,60.87022900763359,15.068702290076336,24.297709923664122,22.60058823529412
2024-10-31T03:33:20.318745,0.161865234375,-0.96728515625,0.1044921875,72.48091603053435,32.412213740458014,67.82442748091603,22.553529411764707
2024-10-31T03:33:20.424687,0.14111328125,-1.02880859375,0.243896484375,47.19083969465649,41.94656488549618,72.36641221374046,22.553529411764707
2024-10-31T03:33:20.530635,-0.029541015625,-1.023193359375,0.346923828125,38.05343511450382,20.099236641221374,27.763358778625953,22.60058823529412
2024-10-31T03:33:20.636595,-0.148681640625,-1.0537109375,0.492919921875,66.26717557251908,25.419847328244273,89.14503816793894,22.64764705882353
2024-10-31T03:33:20.742557,-0.341796875,-0.95361328125,0.5361328125,98.35114503816794,42.725190839694655,69.85496183206106,22.60058823529412
2024-10-31T03:33:20.848513,-0.442138671875,-0.80322265625,0.59375,62.091603053435115,17.68702290076336,43.41984732824427,22.60058823529412
2024-10-31T03:33:20.954464,-0.531982421875,-0.718994140625,0.668701171875,49.595419847328245,26.14503816793893,45.961832061068705,22.741764705882353
2024-10-31T03:33:21.060412,-0.656005859375,-0.509521484375,0.583740234375,40.41984732824427,41.86259541984733,25.801526717557252,22.69470588235294
2024-10-31T03:33:21.166377,-0.706298828125,-0.41259765625,0.523681640625,21.564885496183205,49.083969465648856,66.22900763358778,22.69470588235294
2024-10-31T03:33:21.272341,-0.723876953125,-0.431884765625,0.50732421875,-12.679389312977099,3.732824427480916,29.625954198473284,22.64764705882353
2024-10-31T03:33:21.378295,-0.81884765625,-0.39306640625,0.53271484375,-12.557251908396946,62.16030534351145,52.87022900763359,22.69470588235294
2024-10-31T03:33:21.484242,-0.7529296875,-0.406005859375,0.36181640625,-7.106870229007634,42.274809160305345,-16.977099236641223,22.69470588235294
2024-10-31T03:33:21.590203,-0.894287109375,-0.385986328125,0.310546875,-39.900763358778626,21.412213740458014,-29.458015267175572,22.64764705882353
2024-10-31T03:33:21.696162,-0.90478515625,-0.3759765625,0.170654296875,-77.25954198473282,27.732824427480917,-50.465648854961835,22.69470588235294
2024-10-31T03:33:21.802113,-0.7958984375,-0.43359375,0.0625,-54.69465648854962,58.30534351145038,42.7557251908397,22.69470588235294
2024-10-31T03:33:21.908065,-0.988037109375,-0.474609375,-0.033447265625,-24.358778625954198,-0.5114503816793893,-33.85496183206107,22.64764705882353
2024-10-31T03:33:22.014012,-0.924560546875,-0.578857421875,-0.035888671875,-22.61832061068702,13.916030534351146,-101.03053435114504,22.69470588235294
2024-10-31T03:33:22.119976,-0.838623046875,-0.556640625,-0.16796875,-44.56488549618321,-2.4427480916030535,-5.488549618320611,22.69470588235294
2024-10-31T03:33:22.225940,-0.880859375,-0.605224609375,-0.20068359375,-14.17557251908397,0.5725190839694656,-5.0458015267175576,22.741764705882353
2024-10-31T03:33:22.331896,-0.838623046875,-0.51318359375,-0.201904296875,11.267175572519085,14.534351145038167,-15.65648854961832,22.741764705882353
2024-10-31T03:33:22.437849,-0.85205078125,-0.44970703125,-0.2275390625,-22.801526717557252,7.229007633587786,24.00763358778626,22.69470588235294
2024-10-31T03:33:22.543801,-0.782958984375,-0.517578125,-0.257080078125,-7.732824427480916,1.16793893129771,31.65648854961832,22.741764705882353
2024-10-31T03:33:22.649756,-0.808837890625,-0.498046875,-0.275390625,8.870229007633588,21.251908396946565,18.85496183206107,22.741764705882353
2024-10-31T03:33:22.755713,-0.80029296875,-0.478271484375,-0.263916015625,12.091603053435115,16.572519083969464,-24.0,22.69470588235294
2024-10-31T03:33:22.861661,-0.7470703125,-0.343994140625,-0.35693359375,-2.2748091603053435,13.183206106870228,-7.198473282442748,22.69470588235294
2024-10-31T03:33:22.967610,-0.7236328125,-0.440673828125,-0.35498046875,-1.4274809160305344,-24.061068702290076,-0.6183206106870229,22.741764705882353
2024-10-31T03:33:23.073561,-0.77001953125,-0.406005859375,-0.286376953125,-5.6106870229007635,-44.67175572519084,-17.03053435114504,22.69470588235294
2024-10-31T03:33:23.179523,-0.713134765625,-0.441162109375,-0.203369140625,37.25190839694657,-47.541984732824424,-31.946564885496183,22.788823529411765
2024-10-31T03:33:23.285493,-0.713134765625,-0.510009765625,-0.12646484375,12.51908396946565,-37.412213740458014,-61.35114503816794,22.788823529411765
2024-10-31T03:33:23.391441,-0.68359375,-0.565673828125,0.029296875,-0.549618320610687,-46.51145038167939,-46.12213740458015,22.741764705882353
2024-10-31T03:33:23.497388,-0.61962890625,-0.567626953125,0.02783203125,22.99236641221374,-57.083969465648856,-47.900763358778626,22.69470588235294
2024-10-31T03:33:23.603347,-0.26025390625,-0.60205078125,-0.18017578125,148.75572519083968,-29.068702290076335,73.06870229007633,22.788823529411765
2024-10-31T03:33:23.709302,0.03515625,-0.39990234375,0.359130859375,161.03053435114504,-115.16030534351145,-40.76335877862596,22.835882352941177
2024-10-31T03:33:23.815250,0.1171875,-2.0,0.841064453125,-161.53435114503816,-82.26717557251908,-250.13740458015266,22.741764705882353
2024-10-31T03:33:23.921193,0.116943359375,-0.582763671875,0.534423828125,34.66412213740458,-7.824427480916031,16.64885496183206,22.788823529411765
2024-10-31T03:33:24.027154,-0.119140625,-0.617431640625,0.4736328125,14.51908396946565,1.297709923664122,-54.51145038167939,22.788823529411765
2024-10-31T03:33:24.133120,0.030029296875,-0.779541015625,0.6123046875,0.1297709923664122,-0.7862595419847328,-0.3893129770992366,22.741764705882353
2024-10-31T03:33:24.239083,0.0263671875,-0.7822265625,0.619140625,1.2213740458015268,-1.549618320610687,1.7709923664122138,22.835882352941177
2024-10-31T03:33:24.345036,0.142578125,-0.765869140625,0.640869140625,-1.8931297709923665,-19.198473282442748,-9.923664122137405,22.882941176470588
2024-10-31T03:33:24.450988,0.068603515625,-0.78271484375,0.656982421875,-3.099236641221374,-31.61832061068702,-11.282442748091603,22.788823529411765
2024-10-31T03:33:24.556939,0.071533203125,-0.7607421875,0.58203125,10.442748091603054,1.1450381679389312,10.045801526717558,22.741764705882353
2024-10-31T03:33:24.662897,0.076416015625,-0.75244140625,0.60888671875,8.213740458015268,-0.7557251908396947,13.396946564885496,22.788823529411765
2024-10-31T03:33:24.768863,-0.325927734375,-0.729736328125,0.326171875,-221.16030534351145,-7.305343511450381,-250.13740458015266,22.788823529411765
2024-10-31T03:33:24.874816,0.044189453125,-0.7021484375,0.552001953125,-49.33587786259542,-6.2748091603053435,-65.23664122137404,22.741764705882353
2024-10-31T03:33:24.980767,0.123779296875,-0.759033203125,0.627197265625,-15.106870229007633,0.6183206106870229,-20.778625954198475,22.741764705882353
2024-10-31T03:33:25.086723,0.113525390625,-0.681640625,0.481201171875,-54.51145038167939,-6.480916030534351,-37.541984732824424,22.788823529411765
2024-10-31T03:33:25.192684,-0.010498046875,-0.89794921875,0.632568359375,-61.35114503816794,27.931297709923665,16.33587786259542,22.788823529411765
2024-10-31T03:33:25.298655,-0.017822265625,-0.97607421875,0.580078125,-7.0,-26.31297709923664,29.793893129770993,22.835882352941177
2024-10-31T03:33:25.404607,-0.01171875,-0.878173828125,0.4130859375,-53.81679389312977,30.374045801526716,27.748091603053435,22.835882352941177
2024-10-31T03:33:25.510555,0.1123046875,-0.797607421875,0.203369140625,0.9083969465648855,-2.6259541984732824,40.274809160305345,22.788823529411765
2024-10-31T03:33:25.616515,0.070068359375,-0.96728515625,0.255615234375,-35.37404580152672,15.145038167938932,45.541984732824424,22.882941176470588
2024-10-31T03:33:25.722475,0.217041015625,-0.849853515625,0.12890625,-48.20610687022901,11.068702290076336,3.099236641221374,22.835882352941177
2024-10-31T03:33:25.828436,-0.01123046875,-0.926513671875,0.084716796875,2.9618320610687023,13.335877862595419,9.86259541984733,22.93
2024-10-31T03:33:25.934384,0.1005859375,-1.010009765625,0.130126953125,2.5877862595419847,-8.900763358778626,-27.068702290076335,22.788823529411765
2024-10-31T03:33:26.040329,0.036865234375,-1.003662109375,0.1787109375,19.99236641221374,10.641221374045802,8.061068702290076,22.93
2024-10-31T03:33:26.146281,0.034912109375,-1.016357421875,0.244384765625,0.3816793893129771,10.587786259541986,-15.770992366412214,22.835882352941177
2024-10-31T03:33:26.252238,0.05126953125,-0.8583984375,0.225830078125,39.33587786259542,6.900763358778626,-17.0381679389313,22.835882352941177
2024-10-31T03:33:26.358186,0.016845703125,-0.8583984375,0.261962890625,39.221374045801525,8.01526717557252,-10.717557251908397,22.882941176470588
2024-10-31T03:33:26.464131,0.2861328125,-0.516357421875,0.447021484375,97.8473282442748,-34.900763358778626,-37.37404580152672,22.224117647058826
2024-10-31T03:33:26.570084,-0.556396484375,-0.450927734375,0.613525390625,40.274809160305345,-46.79389312977099,-110.18320610687023,22.93
2024-10-31T03:33:26.676047,0.16748046875,-0.849853515625,0.822265625,60.94656488549618,14.564885496183207,117.19847328244275,22.93
2024-10-31T03:33:26.782004,0.089599609375,-0.911376953125,0.67529296875,31.99236641221374,-18.580152671755727,28.49618320610687,22.882941176470588
2024-10-31T03:33:26.887956,0.129638671875,-0.8154296875,0.60205078125,5.8320610687022905,-1.3129770992366412,3.183206106870229,22.93
2024-10-31T03:33:26.993904,0.149658203125,-0.81298828125,0.578369140625,1.534351145038168,-0.40458015267175573,0.3893129770992366,22.835882352941177
2024-10-31T03:33:27.099852,0.156982421875,-0.799072265625,0.595458984375,1.5114503816793894,-0.6335877862595419,-0.5190839694656488,22.882941176470588
2024-10-31T03:33:27.205811,0.1474609375,-0.7919921875,0.604248046875,1.1374045801526718,-0.5343511450381679,-0.25190839694656486,22.788823529411765
2024-10-31T03:33:27.311767,0.146484375,-0.783447265625,0.6005859375,1.3358778625954197,-0.05343511450381679,0.4122137404580153,22.882941176470588
2024-10-31T03:33:27.417719,0.44384765625,-0.233642578125,0.85400390625,34.38931297709924,185.0229007633588,250.12977099236642,22.93
2024-10-31T03:33:27.523658,0.2607421875,-1.956787109375,0.798583984375,108.6030534351145,2.687022900763359,75.12977099236642,22.788823529411765
2024-10-31T03:33:27.629623,0.3623046875,-0.9794921875,0.61328125,-123.74045801526718,16.99236641221374,-206.5267175572519,22.224117647058826
2024-10-31T03:33:27.735582,0.23828125,-1.506591796875,0.804443359375,104.90076335877863,-69.98473282442748,169.29007633587787,22.835882352941177
2024-10-31T03:33:27.841533,0.340576171875,-0.332275390625,0.211669921875,83.56488549618321,129.06106870229007,148.06870229007635,22.835882352941177
2024-10-31T03:33:27.947484,0.353271484375,-0.64013671875,0.5439453125,80.64885496183206,-104.74045801526718,75.38931297709924,22.788823529411765
2024-10-31T03:33:28.053433,-0.146484375,-0.5830078125,0.15234375,-12.541984732824428,209.80152671755727,21.022900763358777,22.93
2024-10-31T03:33:28.159397,0.280029296875,-0.889404296875,0.52734375,-3.83206106870229,-69.58015267175573,-31.52671755725191,22.93
2024-10-31T03:33:28.265354,0.576171875,-0.982666015625,0.33544921875,22.557251908396946,19.358778625954198,63.458015267175576,22.882941176470588
2024-10-31T03:33:28.371306,-0.34326171875,-0.774658203125,0.367431640625,-89.87022900763358,34.44274809160305,-137.27480916030535,22.835882352941177
2024-10-31T03:33:28.477257,-0.18701171875,-0.897705078125,0.74365234375,27.31297709923664,-1.282442748091603,60.66412213740458,22.93
2024-10-31T03:33:28.583221,0.255126953125,-0.902587890625,0.60498046875,62.717557251908396,-69.06870229007633,54.02290076335878,22.93
2024-10-31T03:33:28.689179,0.1708984375,-0.62255859375,0.571044921875,-26.31297709923664,40.93129770992366,-34.42748091603053,22.882941176470588
2024-10-31T03:33:28.795133,-0.064697265625,-0.799560546875,0.427734375,-57.83969465648855,14.32824427480916,-5.931297709923665,22.97705882352941
2024-10-31T03:33:28.901282,0.050048828125,-0.842041015625,0.410400390625,-66.79389312977099,-22.885496183206108,-114.70992366412214,22.835882352941177
2024-10-31T03:33:29.007266,0.181884765625,-0.821533203125,0.2587890625,16.251908396946565,-1.4045801526717556,238.25190839694656,22.93
2024-10-31T03:33:29.113232,0.291259765625,-0.865234375,0.22021484375,-4.1603053435114505,2.267175572519084,176.74809160305344,22.882941176470588
2024-10-31T03:33:29.219223,0.251953125,-1.14111328125,0.312744140625,4.297709923664122,9.259541984732824,125.18320610687023,22.224117647058826
2024-10-31T03:33:29.325192,0.30517578125,-0.852294921875,0.295166015625,9.740458015267176,8.65648854961832,-250.13740458015266,22.224117647058826
2024-10-31T03:33:29.431158,0.115234375,-0.69921875,0.290771484375,61.16793893129771,-3.4656488549618323,-117.86259541984732,22.224117647058826
2024-10-31T03:33:29.537120,-0.027099609375,-0.78857421875,0.483154296875,68.03053435114504,12.557251908396946,39.85496183206107,23.635882352941177
2024-10-31T03:33:29.643076,0.270263671875,-0.948974609375,0.37060546875,-42.343511450381676,36.404580152671755,250.12977099236642,23.588823529411766
2024-10-31T03:33:29.749032,0.10546875,-0.870849609375,0.250244140625,11.80916030534351,-13.679389312977099,-250.13740458015266,23.024117647058823
2024-10-31T03:33:29.854984,0.27880859375,-0.92626953125,0.155517578125,-36.534351145038165,-11.32824427480916,115.00763358778626,23.588823529411766
2024-10-31T03:33:29.960933,0.40087890625,-0.9814453125,0.272705078125,15.946564885496183,2.66412213740458,48.87022900763359,22.97705882352941
2024-10-31T03:33:30.066887,0.154296875,-0.678955078125,0.0947265625,22.778625954198475,-54.603053435114504,-250.13740458015266,22.224117647058826
2024-10-31T03:33:30.172845,0.557373046875,-0.903076171875,0.12109375,-110.12977099236642,-28.083969465648856,129.61068702290078,23.024117647058823
2024-10-31T03:33:30.278802,0.721435546875,-0.93408203125,0.038330078125,37.02290076335878,-54.63358778625954,-210.34351145038167,23.024117647058823
2024-10-31T03:33:30.384750,0.651123046875,-0.3818359375,-0.193115234375,-12.908396946564885,-58.47328244274809,-222.8091603053435,23.024117647058823
2024-10-31T03:33:30.490705,0.8623046875,-0.4892578125,-0.1865234375,-75.1526717557252,0.6183206106870229,187.2824427480916,22.97705882352941
2024-10-31T03:33:30.596659,0.8330078125,-0.391845703125,-0.308837890625,-2.7480916030534353,-62.229007633587784,-159.33587786259542,22.224117647058826
2024-10-31T03:33:30.702614,0.7646484375,-0.107666015625,-0.35400390625,-35.47328244274809,-47.42748091603053,-68.21374045801527,22.97705882352941
2024-10-31T03:33:30.808563,0.954345703125,-0.14404296875,-0.52587890625,-32.458015267175576,-59.3587786259542,-89.42748091603053,23.68294117647059
2024-10-31T03:33:30.914514,0.803955078125,0.04345703125,-0.54443359375,8.885496183206106,-35.20610687022901,-128.41221374045801,23.024117647058823
2024-10-31T03:33:31.020463,1.03955078125,-0.050048828125,-0.607666015625,-61.82442748091603,21.83206106870229,218.25954198473283,23.68294117647059
2024-10-31T03:33:31.126418,0.836181640625,-0.123046875,-0.622802734375,62.52671755725191,-81.63358778625954,-250.13740458015266,23.024117647058823
2024-10-31T03:33:31.232397,0.843994140625,-0.079833984375,-0.617431640625,-8.816793893129772,0.7862595419847328,226.3740458015267,23.024117647058823
2024-10-31T03:33:31.338373,0.7236328125,-0.212890625,-0.686767578125,-18.022900763358777,-37.18320610687023,-12.587786259541986,23.68294117647059
2024-10-31T03:33:31.444328,0.49462890625,-0.044921875,-0.641845703125,-24.27480916030534,-48.152671755725194,-16.46564885496183,23.024117647058823
2024-10-31T03:33:31.550282,0.455078125,-0.0517578125,-0.796142578125,-76.06106870229007,-46.396946564885496,-82.22900763358778,22.97705882352941
2024-10-31T03:33:31.656234,0.444091796875,0.07177734375,-0.717529296875,38.282442748091604,-28.31297709923664,-103.80916030534351,22.224117647058826
2024-10-31T03:33:31.762189,0.59228515625,0.00537109375,-0.866455078125,18.923664122137403,-7.633587786259542,104.3969465648855,23.024117647058823
2024-10-31T03:33:31.868138,0.49951171875,0.01318359375,-0.823486328125,34.396946564885496,-14.923664122137405,-77.87786259541984,23.118235294117646
2024-10-31T03:33:31.974088,0.4990234375,-0.25439453125,-0.813720703125,-4.893129770992366,34.725190839694655,250.12977099236642,22.36529411764706
2024-10-31T03:33:32.080054,0.45166015625,-0.509521484375,-0.78564453125,88.95419847328245,1.366412213740458,-142.12977099236642,23.118235294117646
2024-10-31T03:33:32.186027,0.5849609375,-0.37939453125,-0.64697265625,49.908396946564885,48.969465648854964,76.42748091603053,23.118235294117646
2024-10-31T03:33:32.291986,0.5234375,-0.442138671875,-0.545166015625,67.90076335877863,29.87786259541985,-14.053435114503817,23.118235294117646
2024-10-31T03:33:32.397941,0.459716796875,-0.595458984375,-0.417236328125,65.8854961832061,53.06106870229008,135.16030534351145,23.071176470588235
2024-10-31T03:33:32.503895,0.357666015625,-0.900390625,-0.262451171875,38.10687022900763,53.541984732824424,136.23664122137404,23.165294117647058
2024-10-31T03:33:32.609845,0.34375,-1.09912109375,-0.13134765625,148.0229007633588,7.824427480916031,-97.69465648854961,22.97705882352941
2024-10-31T03:33:32.715793,0.140625,-0.858642578125,-0.103759765625,48.55725190839695,51.42748091603053,218.15267175572518,23.118235294117646
2024-10-31T03:33:32.821747,-0.00244140625,-1.08984375,0.396728515625,96.89312977099236,74.33587786259542,101.36641221374046,23.071176470588235
2024-10-31T03:33:32.927695,-0.276611328125,-0.7568359375,0.148193359375,-13.13740458015267,16.221374045801525,144.09923664122138,23.21235294117647
2024-10-31T03:33:33.033649,-0.4091796875,-0.7724609375,0.3818359375,42.587786259541986,33.63358778625954,45.67175572519084,23.024117647058823
2024-10-31T03:33:33.139603,-0.5712890625,-0.475830078125,0.295654296875,18.267175572519083,7.4961832061068705,125.43511450381679,23.118235294117646
2024-10-31T03:33:33.245558,-0.600830078125,-0.488037109375,0.401611328125,14.564885496183207,20.236641221374047,21.603053435114504,23.118235294117646
2024-10-31T03:33:33.351507,-0.699462890625,-0.3037109375,0.267822265625,-4.213740458015267,40.14503816793893,101.56488549618321,23.071176470588235
2024-10-31T03:33:33.457453,-0.831298828125,-0.207275390625,0.22802734375,16.68702290076336,46.00763358778626,77.76335877862596,23.071176470588235
2024-10-31T03:33:33.563408,-2.0,-2.0,-0.271728515625,-250.13740458015266,87.33587786259542,-250.13740458015266,23.165294117647058
2024-10-31T03:33:33.669356,0.24560546875,-0.3583984375,-0.37646484375,-87.9618320610687,75.14503816793894,-125.52671755725191,23.118235294117646
2024-10-31T03:33:33.775310,-0.190185546875,-0.87255859375,-0.091064453125,16.38167938931298,-34.541984732824424,-12.267175572519085,23.118235294117646
2024-10-31T03:33:33.881266,-0.103515625,-0.590087890625,0.181396484375,-4.7251908396946565,-85.02290076335878,-121.57251908396947,23.118235294117646
2024-10-31T03:33:33.987211,-0.17431640625,-1.3681640625,0.465576171875,-6.893129770992366,-10.877862595419847,-100.76335877862596,23.118235294117646
2024-10-31T03:33:34.093162,0.05517578125,-1.02978515625,0.01220703125,-0.45038167938931295,-18.572519083969464,-49.43511450381679,23.071176470588235
2024-10-31T03:33:34.199118,0.042724609375,-1.046142578125,-0.024169921875,14.221374045801527,-0.45038167938931295,-4.488549618320611,23.25941176470588
2024-10-31T03:33:34.305066,0.14453125,-0.887451171875,0.03662109375,17.633587786259543,-32.69465648854962,-7.2748091603053435,23.071176470588235
2024-10-31T03:33:34.411019,-0.276123046875,-1.017578125,0.048095703125,-6.083969465648855,1.3969465648854962,-3.2519083969465647,23.21235294117647
2024-10-31T03:33:34.516973,0.13720703125,-0.9716796875,0.10009765625,10.297709923664122,7.175572519083969,65.38931297709924,23.21235294117647
2024-10-31T03:33:34.622927,0.018310546875,-1.019775390625,0.0966796875,-4.099236641221374,-14.488549618320612,140.18320610687022,23.21235294117647
2024-10-31T03:33:34.728877,-0.21435546875,-1.049072265625,0.18115234375,18.412213740458014,14.610687022900763,148.8091603053435,23.21235294117647
2024-10-31T03:33:34.834830,-0.447265625,-0.941650390625,0.190673828125,-8.473282442748092,-10.587786259541986,163.0763358778626,23.165294117647058
2024-10-31T03:33:34.940789,-0.70947265625,-0.6337890625,0.2314453125,18.30534351145038,-5.6106870229007635,33.82442748091603,23.25941176470588
2024-10-31T03:33:35.046761,-0.70703125,-0.617919921875,0.31201171875,55.06106870229008,-4.511450381679389,-3.648854961832061,23.25941176470588
2024-10-31T03:33:35.152709,-0.770751953125,-0.559814453125,0.30517578125,11.816793893129772,-5.038167938931298,86.78625954198473,23.25941176470588
2024-10-31T03:33:35.258663,-0.842529296875,-0.391845703125,0.36083984375,33.93129770992366,-3.595419847328244,42.3206106870229,23.25941176470588
2024-10-31T03:33:35.364613,-0.8642578125,-0.20849609375,0.36181640625,44.14503816793893,4.282442748091603,59.41984732824427,23.25941176470588
2024-10-31T03:33:35.470563,-0.8388671875,-0.189453125,0.35107421875,72.3206106870229,-5.1603053435114505,98.70229007633588,23.25941176470588
2024-10-31T03:33:35.576513,-0.881591796875,-0.094970703125,0.351806640625,36.80916030534351,13.305343511450381,71.25190839694656,23.306470588235296
2024-10-31T03:33:35.682461,-0.8701171875,0.104248046875,0.370849609375,46.29770992366412,-23.938931297709924,70.90839694656489,23.306470588235296
2024-10-31T03:33:35.788406,-0.87109375,0.336181640625,0.393310546875,38.98473282442748,-19.213740458015266,75.54961832061069,23.306470588235296
2024-10-31T03:33:35.894358,-0.804443359375,0.38818359375,0.48095703125,17.480916030534353,-30.15267175572519,41.62595419847328,23.306470588235296
2024-10-31T03:33:36.000303,-0.810546875,0.55126953125,0.49755859375,11.312977099236642,-20.946564885496183,34.23664122137404,23.21235294117647
2024-10-31T03:33:36.106253,-0.6943359375,0.592529296875,0.482177734375,10.488549618320612,-8.19083969465649,35.778625954198475,23.353529411764708
2024-10-31T03:33:36.212212,-0.615234375,0.731201171875,0.478759765625,21.870229007633586,-10.694656488549619,58.05343511450382,23.353529411764708
2024-10-31T03:33:36.318166,-0.578857421875,0.684814453125,0.448974609375,-13.702290076335878,-3.969465648854962,-34.458015267175576,23.353529411764708
2024-10-31T03:33:36.424123,-0.7900390625,0.248291015625,0.45654296875,-114.05343511450381,6.687022900763359,-147.99236641221373,23.353529411764708
2024-10-31T03:33:36.530073,-0.81396484375,0.02978515625,0.536376953125,-85.3206106870229,8.229007633587786,-133.40458015267177,23.306470588235296
2024-10-31T03:33:36.636013,-0.773193359375,-0.15380859375,0.515625,-146.81679389312978,-26.18320610687023,-250.13740458015266,23.21235294117647
2024-10-31T03:33:36.741952,-0.74755859375,-0.59033203125,0.56494140625,-149.90076335877862,-23.290076335877863,-250.13740458015266,23.40058823529412
2024-10-31T03:33:36.847897,-0.403564453125,-0.84375,0.337158203125,-144.53435114503816,-21.9618320610687,-188.99236641221373,23.40058823529412
2024-10-31T03:33:36.953852,0.02294921875,-0.939697265625,-0.045654296875,-161.29770992366412,-27.49618320610687,-199.3587786259542,23.306470588235296
2024-10-31T03:33:37.059794,0.4052734375,-0.736328125,-0.384033203125,-230.68702290076337,-31.229007633587788,-250.13740458015266,23.353529411764708
2024-10-31T03:33:37.165770,0.74951171875,-0.4248046875,-0.612548828125,-112.74045801526718,-1.8091603053435115,-200.3206106870229,23.353529411764708
2024-10-31T03:33:37.271742,0.828369140625,-0.0810546875,-0.66748046875,-69.94656488549619,-1.0305343511450382,-99.8473282442748,23.25941176470588
2024-10-31T03:33:37.377702,0.7470703125,0.24169921875,-0.61279296875,-32.725190839694655,-9.740458015267176,-74.81679389312977,23.44764705882353
2024-10-31T03:33:37.483661,0.66064453125,0.4091796875,-0.57373046875,-37.99236641221374,3.0381679389312977,-92.0381679389313,23.25941176470588
2024-10-31T03:33:37.589615,0.671875,0.827392578125,-0.780517578125,-42.221374045801525,-124.74045801526718,-73.55725190839695,23.353529411764708
2024-10-31T03:33:37.695574,0.54443359375,0.309326171875,-0.58056640625,43.25190839694657,-46.85496183206107,140.3206106870229,23.44764705882353
2024-10-31T03:33:37.801524,0.559326171875,-0.009033203125,-0.756591796875,64.74045801526718,-51.12213740458015,149.82442748091603,23.44764705882353
2024-10-31T03:33:37.907481,0.446533203125,-0.37158203125,-0.7119140625,191.0381679389313,-38.80152671755725,242.12213740458014,23.44764705882353
2024-10-31T03:33:38.013399,0.145751953125,-0.675048828125,-0.650634765625,170.72519083969465,-23.66412213740458,250.12977099236642,23.44764705882353
2024-10-31T03:33:38.119353,-0.299072265625,-0.821533203125,-0.3466796875,205.73282442748092,-90.73282442748092,250.12977099236642,23.541764705882354
2024-10-31T03:33:38.225301,-0.65771484375,-0.621826171875,0.102783203125,250.12977099236642,-171.45038167938932,197.17557251908397,23.44764705882353
2024-10-31T03:33:38.331255,-0.79443359375,-0.03369140625,0.576171875,229.63358778625954,-109.37404580152672,250.12977099236642,23.494705882352942
2024-10-31T03:33:38.437205,-0.734619140625,0.3515625,0.763916015625,149.61832061068702,-62.534351145038165,219.54961832061068,23.353529411764708
2024-10-31T03:33:38.543158,-0.385498046875,0.633544921875,0.494384765625,2.4198473282442747,-21.442748091603054,-70.70229007633588,23.353529411764708
2024-10-31T03:33:38.649122,-0.62353515625,0.35888671875,0.544677734375,-66.73282442748092,-14.709923664122137,-250.13740458015266,23.44764705882353
2024-10-31T03:33:38.755075,-0.301513671875,0.080322265625,-0.169921875,-250.13740458015266,43.05343511450382,-250.13740458015266,23.40058823529412
2024-10-31T03:33:38.861029,0.329345703125,-0.412353515625,0.484619140625,43.51908396946565,-191.57251908396947,-68.01526717557252,23.541764705882354
2024-10-31T03:33:38.966984,0.267822265625,-0.26416015625,1.178955078125,-52.404580152671755,-63.83206106870229,250.12977099236642,23.44764705882353
2024-10-31T03:33:39.072930,-0.238037109375,-0.603759765625,0.338134765625,-16.770992366412212,7.938931297709924,-79.66412213740458,23.541764705882354
2024-10-31T03:33:39.178885,0.029052734375,-0.803466796875,0.65478515625,-13.465648854961833,3.3587786259541983,-25.595419847328245,23.541764705882354
2024-10-31T03:33:39.284855,0.034912109375,-0.7744140625,0.6142578125,-2.145038167938931,1.717557251908397,-9.65648854961832,23.541764705882354
2024-10-31T03:33:39.390833,0.086181640625,-0.750244140625,0.57080078125,-7.312977099236641,1.6946564885496183,-7.923664122137405,23.494705882352942
2024-10-31T03:33:39.496795,0.052001953125,-0.791748046875,0.629638671875,1.366412213740458,0.8625954198473282,-3.213740458015267,23.588823529411766
2024-10-31T03:33:39.602768,0.05908203125,-0.786865234375,0.618896484375,-1.3969465648854962,1.3587786259541985,-6.1679389312977095,23.494705882352942
2024-10-31T03:33:39.708744,0.088134765625,-0.7734375,0.63525390625,-1.0,0.5572519083969466,-5.419847328244275,23.588823529411766
2024-10-31T03:33:39.814701,0.104736328125,-0.841552734375,0.75244140625,21.48854961832061,5.351145038167939,83.56488549618321,23.494705882352942
2024-10-31T03:33:39.920658,0.1103515625,-0.8134765625,0.574462890625,8.366412213740459,-0.3969465648854962,19.00763358778626,23.494705882352942
2024-10-31T03:33:40.026612,-2.0,-1.1884765625,1.99993896484375,-80.80152671755725,250.12977099236642,-11.961832061068701,23.588823529411766
2024-10-31T03:33:40.132574,0.23583984375,-0.702392578125,0.459716796875,37.57251908396947,-57.961832061068705,52.2442748091603,23.494705882352942
2024-10-31T03:33:40.238539,0.048095703125,-0.826171875,0.637451171875,-3.519083969465649,-3.7251908396946565,3.5267175572519083,23.494705882352942
2024-10-31T03:33:40.344494,0.43359375,-0.921630859375,0.3115234375,6.931297709923665,-0.24427480916030533,10.977099236641221,23.588823529411766
2024-10-31T03:33:40.450447,0.05908203125,-0.855224609375,0.614990234375,-3.9770992366412212,-3.1297709923664123,-1.7938931297709924,23.588823529411766
2024-10-31T03:33:40.556398,-0.628173828125,-0.700927734375,0.5654296875,-137.793893129771,106.93129770992367,-150.65648854961833,23.68294117647059
2024-10-31T03:33:40.662360,0.3642578125,-0.81982421875,0.577880859375,-28.267175572519083,-96.94656488549619,-48.83206106870229,23.635882352941177
2024-10-31T03:33:40.768324,-0.503662109375,-1.30322265625,0.835205078125,-180.18320610687022,149.59541984732823,-250.13740458015266,23.588823529411766
2024-10-31T03:33:40.874305,0.133056640625,-0.55908203125,0.274658203125,-30.69465648854962,-80.2442748091603,-62.57251908396947,23.635882352941177
2024-10-31T03:33:40.980260,0.12109375,-0.592041015625,-0.149169921875,217.9618320610687,131.41221374045801,250.12977099236642,23.541764705882354
2024-10-31T03:33:41.086204,-1.0791015625,-1.771728515625,1.011474609375,-57.908396946564885,67.55725190839695,-33.43511450381679,23.541764705882354
2024-10-31T03:33:41.192163,0.20654296875,-0.636962890625,0.513427734375,19.229007633587788,-75.70992366412214,13.473282442748092,23.588823529411766
2024-10-31T03:33:41.298127,0.4599609375,-1.44091796875,0.204833984375,46.43511450381679,52.38167938931298,33.41984732824427,23.588823529411766
2024-10-31T03:33:41.404076,-0.631103515625,-0.509033203125,0.40478515625,-95.1526717557252,121.81679389312977,10.992366412213741,23.68294117647059
2024-10-31T03:33:41.510030,0.212158203125,-0.927978515625,0.364990234375,9.32824427480916,-87.62595419847328,-46.74809160305343,23.588823529411766
2024-10-31T03:33:41.615988,0.426025390625,-0.7783203125,0.2900390625,-32.13740458015267,-46.11450381679389,-31.82442748091603,23.68294117647059
2024-10-31T03:33:41.721958,0.17041015625,-0.267578125,0.681640625,37.404580152671755,68.72519083969466,31.732824427480917,23.635882352941177
2024-10-31T03:33:41.827923,0.3232421875,-0.725830078125,0.581298828125,31.893129770992367,-105.7175572519084,34.083969465648856,23.635882352941177
2024-10-31T03:33:41.933887,0.368896484375,-0.95849609375,0.354248046875,-54.83969465648855,-32.49618320610687,-92.25954198473282,23.635882352941177
2024-10-31T03:33:42.039843,0.67724609375,0.08447265625,0.582763671875,138.05343511450383,17.84732824427481,222.25954198473283,23.541764705882354
2024-10-31T03:33:42.145812,0.112060546875,-0.908935546875,0.70306396484375,-110.74045801526718,-56.19847328244275,-52.045801526717554,23.541764705882354
2024-10-31T03:33:42.251773,0.3837890625,-0.6240234375,0.39892578125,24.931297709923665,-68.38167938931298,50.58015267175573,23.588823529411766
2024-10-31T03:33:42.357729,0.313232421875,-0.967529296875,0.46728515625,-8.351145038167939,-17.65648854961832,-39.961832061068705,23.588823529411766
2024-10-31T03:33:42.463678,0.4814453125,-0.146728515625,1.060546875,-18.557251908396946,47.56488549618321,-42.58015267175573,23.588823529411766
2024-10-31T03:33:42.569629,0.2421875,-1.041015625,0.381591796875,-12.83969465648855,-103.12977099236642,-58.038167938931295,23.588823529411766
2024-10-31T03:33:42.675598,0.27880859375,-0.618408203125,0.330810546875,12.366412213740459,-57.68702290076336,44.89312977099237,23.588823529411766
2024-10-31T03:33:42.781559,0.326171875,-0.1025390625,0.8466796875,-55.19083969465649,86.21374045801527,-60.97709923664122,23.635882352941177
2024-10-31T03:33:42.887506,0.285888671875,-0.74072265625,0.484619140625,19.633587786259543,-106.17557251908397,-1.717557251908397,23.635882352941177
2024-10-31T03:33:42.993455,-0.204833984375,-0.667236328125,0.4326171875,-4.709923664122138,20.770992366412212,-15.053435114503817,23.541764705882354
2024-10-31T03:33:43.099410,0.109130859375,-0.85888671875,0.552001953125,-11.305343511450381,-16.114503816793892,-23.259541984732824,22.97705882352941
2024-10-31T03:33:43.205381,-0.0927734375,-0.89794921875,0.73974609375,5.3893129770992365,-26.610687022900763,-3.648854961832061,23.541764705882354
2024-10-31T03:33:43.311354,0.191650390625,-0.974365234375,0.924560546875,-0.48091603053435117,-20.0,-61.74045801526717,23.635882352941177
2024-10-31T03:33:43.417300,0.65771484375,-0.7578125,1.207275390625,28.27480916030534,27.633587786259543,37.786259541984734,23.588823529411766
2024-10-31T03:33:43.523246,0.1328125,-0.7998046875,0.643798828125,8.282442748091603,-21.977099236641223,4.343511450381679,23.541764705882354
2024-10-31T03:33:43.629202,0.2412109375,-0.69677734375,0.4052734375,4.015267175572519,53.23664122137404,15.84732824427481,23.635882352941177
2024-10-31T03:33:43.735158,-0.271728515625,-1.122314453125,0.4072265625,0.8549618320610687,30.236641221374047,-3.969465648854962,23.68294117647059
2024-10-31T03:33:43.841116,0.061767578125,-0.873046875,0.65478515625,17.106870229007633,18.83206106870229,25.3206106870229,23.68294117647059
2024-10-31T03:33:43.947066,0.10791015625,-0.840576171875,0.642578125,22.916030534351144,1.6946564885496183,-43.152671755725194,23.588823529411766
2024-10-31T03:33:44.053012,-0.07080078125,-0.915771484375,0.6650390625,-73.74045801526718,29.717557251908396,-114.38931297709924,23.68294117647059
2024-10-31T03:33:44.158968,-0.00390625,-0.6796875,0.46533203125,-28.66412213740458,-19.61832061068702,-56.10687022900763,23.68294117647059
2024-10-31T03:33:44.264936,-0.129150390625,-0.943115234375,0.607666015625,-0.35877862595419846,19.702290076335878,0.7938931297709924,23.68294117647059
2024-10-31T03:33:44.370892,0.37548828125,-0.632080078125,0.77197265625,-3.33587786259542,-17.427480916030536,65.30534351145039,23.68294117647059
2024-10-31T03:33:44.476847,-0.104248046875,-1.001708984375,0.545654296875,-36.32824427480916,26.3206106870229,103.90076335877863,24.435882352941178
2024-10-31T03:33:44.582799,-0.162109375,-0.78076171875,0.353271484375,22.610687022900763,58.778625954198475,38.083969465648856,24.435882352941178
2024-10-31T03:33:44.688762,-0.285888671875,-0.86865234375,0.364990234375,-16.50381679389313,21.801526717557252,26.519083969465647,24.435882352941178
2024-10-31T03:33:44.794722,-0.034423828125,-0.939697265625,0.247802734375,20.984732824427482,-30.740458015267176,-32.70229007633588,24.435882352941178
2024-10-31T03:33:44.900679,-1.369140625,-0.51904296875,0.8681640625,-27.938931297709924,-1.7328244274809161,-127.81679389312977,23.635882352941177
2024-10-31T03:33:45.006631,-0.285400390625,-0.71142578125,0.261962890625,-8.633587786259541,-77.7557251908397,-42.847328244274806,23.73
2024-10-31T03:33:45.112592,0.142822265625,-1.212646484375,0.13330078125,-7.6183206106870225,-58.42748091603053,-41.57251908396947,22.97705882352941
2024-10-31T03:33:45.218550,0.775390625,-1.095703125,-0.0634765625,14.32824427480916,-13.145038167938932,-25.091603053435115,22.97705882352941
2024-10-31T03:33:45.324505,1.464599609375,-1.26171875,-0.3544921875,12.541984732824428,32.74809160305343,143.6946564885496,23.024117647058823
2024-10-31T03:33:45.430456,0.113525390625,-1.184814453125,-0.02783203125,-74.74045801526718,-33.725190839694655,186.93129770992365,23.024117647058823
2024-10-31T03:33:45.536409,-0.7392578125,-0.948974609375,0.3642578125,-51.282442748091604,-52.29770992366412,114.53435114503817,23.777058823529412
2024-10-31T03:33:45.642369,-1.465576171875,-1.168212890625,1.0771484375,-6.251908396946565,-79.2442748091603,-29.931297709923665,23.87117647058824
2024-10-31T03:33:45.748329,-1.82421875,-0.783447265625,1.218994140625,-32.541984732824424,-88.73282442748092,-224.54198473282443,23.777058823529412
2024-10-31T03:33:45.854280,-1.3134765625,-0.384521484375,0.656982421875,10.916030534351146,8.938931297709924,-127.86259541984732,23.777058823529412
2024-10-31T03:33:45.960227,0.311279296875,-1.227783203125,-0.01220703125,42.83969465648855,30.33587786259542,-39.343511450381676,23.824117647058827
2024-10-31T03:33:46.066177,0.87353515625,-1.33544921875,-0.13134765625,10.610687022900763,18.404580152671755,61.3587786259542,23.73
2024-10-31T03:33:46.172140,-0.0087890625,-1.25,-0.015380859375,-73.55725190839695,-61.37404580152672,41.603053435114504,23.824117647058827
2024-10-31T03:33:46.278100,1.03759765625,-1.53076171875,-0.308837890625,27.34351145038168,11.351145038167939,114.51908396946565,23.73
2024-10-31T03:33:46.384055,-1.12109375,-0.79248046875,0.547119140625,-56.458015267175576,-75.06870229007633,-38.74809160305343,23.91823529411765
2024-10-31T03:33:46.490009,0.87841796875,-1.362548828125,-0.057861328125,38.152671755725194,46.99236641221374,58.603053435114504,23.824117647058827
2024-10-31T03:33:46.595956,-0.3896484375,-0.714599609375,0.20166015625,-0.44274809160305345,-31.99236641221374,30.282442748091604,23.777058823529412
2024-10-31T03:33:46.701929,-0.004150390625,-1.176513671875,0.067626953125,-21.717557251908396,70.36641221374046,33.74809160305343,23.87117647058824
2024-10-31T03:33:46.807880,-0.05224609375,-0.77880859375,0.041015625,2.145038167938931,-27.633587786259543,83.0381679389313,23.777058823529412
2024-10-31T03:33:46.913832,-0.39892578125,-0.89208984375,0.1259765625,-13.473282442748092,-9.526717557251908,0.1450381679389313,23.777058823529412
2024-10-31T03:33:47.019785,0.267333984375,-0.882080078125,-0.177734375,56.87786259541985,137.9236641221374,-13.977099236641221,23.87117647058824
2024-10-31T03:33:47.125742,0.361572265625,-1.3955078125,0.088134765625,-41.25954198473283,-99.3969465648855,35.2442748091603,23.824117647058827
2024-10-31T03:33:47.231692,-0.040771484375,-0.937744140625,0.016357421875,-29.442748091603054,-89.59541984732824,-13.86259541984733,23.824117647058827
2024-10-31T03:33:47.337642,-0.385498046875,-0.75927734375,0.1552734375,-38.229007633587784,-48.14503816793893,0.9618320610687023,23.91823529411765
2024-10-31T03:33:47.443604,-0.17724609375,-0.738525390625,-0.046630859375,8.748091603053435,19.022900763358777,9.702290076335878,23.777058823529412
2024-10-31T03:33:47.549557,-0.122802734375,-0.8486328125,-0.004150390625,70.0381679389313,88.82442748091603,19.015267175572518,23.965294117647062
2024-10-31T03:33:47.655518,-0.252197265625,-1.005126953125,0.170654296875,107.16793893129771,123.20610687022901,6.358778625954199,23.777058823529412
2024-10-31T03:33:47.761468,0.015625,-1.221923828125,0.277099609375,36.083969465648856,72.38167938931298,-5.748091603053435,23.87117647058824
2024-10-31T03:33:47.867420,-0.063232421875,-1.0234375,0.138427734375,-112.7557251908397,-155.93129770992365,-44.69465648854962,23.91823529411765
2024-10-31T03:33:47.973377,-0.15478515625,-0.99365234375,0.06298828125,-102.52671755725191,-93.41984732824427,-69.31297709923665,23.87117647058824
2024-10-31T03:33:48.079338,-0.007080078125,-0.835205078125,-0.21337890625,-90.82442748091603,-59.82442748091603,-0.7404580152671756,23.87117647058824
2024-10-31T03:33:48.185301,-0.1728515625,-0.80419921875,-0.469970703125,-68.04580152671755,-56.786259541984734,-6.419847328244275,23.965294117647062
2024-10-31T03:33:48.291257,-0.031005859375,-0.7685546875,-0.41552734375,-25.083969465648856,-26.18320610687023,3.49618320610687,24.012352941176474
2024-10-31T03:33:48.397208,-0.1279296875,-0.779296875,-0.3603515625,7.694656488549619,-13.610687022900763,13.053435114503817,23.824117647058827
2024-10-31T03:33:48.503161,-0.109375,-0.921142578125,-0.38525390625,41.85496183206107,5.320610687022901,32.0,23.91823529411765
2024-10-31T03:33:48.609114,-0.144287109375,-0.94091796875,-0.239013671875,51.61068702290076,24.717557251908396,12.412213740458014,23.965294117647062
2024-10-31T03:33:48.715078,-0.14453125,-0.958984375,-0.16748046875,52.56488549618321,54.213740458015266,18.793893129770993,23.965294117647062
2024-10-31T03:33:48.821034,-0.16796875,-1.03125,-0.071533203125,71.98473282442748,108.3969465648855,40.961832061068705,23.965294117647062
2024-10-31T03:33:48.926983,-0.236572265625,-1.07177734375,0.155517578125,73.07633587786259,121.00763358778626,8.320610687022901,24.012352941176474
2024-10-31T03:33:49.032938,-0.22265625,-1.102783203125,0.181640625,34.89312977099237,98.04580152671755,6.366412213740458,23.965294117647062
2024-10-31T03:33:49.139033,-0.19921875,-1.021484375,0.25439453125,71.70229007633588,120.61068702290076,28.717557251908396,23.91823529411765
2024-10-31T03:33:49.245005,-0.25390625,-0.9013671875,0.044677734375,1.0305343511450382,75.77099236641222,24.053435114503817,23.965294117647062
2024-10-31T03:33:49.351004,-0.2958984375,-0.8818359375,-0.002197265625,-15.587786259541986,61.70229007633588,35.74809160305343,23.91823529411765
2024-10-31T03:33:49.456969,-0.32275390625,-0.910400390625,-0.050048828125,3.984732824427481,21.290076335877863,-5.916030534351145,24.012352941176474
2024-10-31T03:33:49.562926,-0.24560546875,-0.837646484375,-0.101318359375,-32.7557251908397,-5.625954198473282,-38.30534351145038,23.965294117647062
2024-10-31T03:33:49.668900,-0.17431640625,-0.893310546875,-0.072509765625,-3.954198473282443,-15.778625954198473,-31.358778625954198,23.965294117647062
2024-10-31T03:33:49.774867,-0.177001953125,-0.881591796875,-0.058349609375,11.740458015267176,-25.755725190839694,-15.786259541984732,24.059411764705885
2024-10-31T03:33:49.880834,-0.119873046875,-0.880859375,-0.0146484375,7.564885496183206,-75.89312977099236,-23.49618320610687,24.012352941176474
2024-10-31T03:33:49.986791,-0.079833984375,-1.02294921875,0.0869140625,16.045801526717558,-65.08396946564885,-24.954198473282442,23.87117647058824
2024-10-31T03:33:50.092744,-0.087890625,-0.98193359375,0.11279296875,-20.82442748091603,-96.54961832061069,-9.511450381679388,24.059411764705885
2024-10-31T03:33:50.198708,-0.070556640625,-0.98828125,0.033447265625,-42.62595419847328,-83.61068702290076,-4.32824427480916,24.012352941176474
2024-10-31T03:33:50.304659,-0.0732421875,-0.87841796875,-0.030029296875,-27.03053435114504,-65.12213740458016,5.465648854961832,24.059411764705885
2024-10-31T03:33:50.410610,-0.158447265625,-0.976318359375,-0.113037109375,-58.717557251908396,-103.79389312977099,21.99236641221374,24.059411764705885
2024-10-31T03:33:50.516554,-0.223388671875,-0.892578125,-0.061767578125,-31.16793893129771,-52.38931297709924,-17.442748091603054,23.965294117647062
2024-10-31T03:33:50.622509,-0.185546875,-0.91943359375,-0.29345703125,-45.25190839694657,-41.11450381679389,-26.251908396946565,24.012352941176474
2024-10-31T03:33:50.728468,-0.111328125,-0.87744140625,-0.304443359375,-36.12977099236641,-49.37404580152672,-16.076335877862597,24.012352941176474
2024-10-31T03:33:50.834420,-0.182861328125,-0.782470703125,-0.352783203125,-24.80916030534351,-6.885496183206107,-12.664122137404581,24.059411764705885
2024-10-31T03:33:50.940370,-0.19482421875,-0.816650390625,-0.31640625,6.916030534351145,-2.1908396946564888,-3.9923664122137406,24.059411764705885
2024-10-31T03:33:51.046347,-0.18603515625,-0.84130859375,-0.28564453125,21.091603053435115,9.732824427480915,-10.908396946564885,24.106470588235297
2024-10-31T03:33:51.152331,-0.1591796875,-0.841552734375,-0.131591796875,45.16030534351145,18.923664122137403,8.702290076335878,24.106470588235297
2024-10-31T03:33:51.258298,-0.143310546875,-1.037353515625,-0.150146484375,91.96946564885496,84.02290076335878,38.29007633587786,23.965294117647062
2024-10-31T03:33:51.364250,-0.209716796875,-0.931640625,-0.0126953125,70.8854961832061,128.5267175572519,8.992366412213741,24.012352941176474
2024-10-31T03:33:51.470201,-0.08203125,-0.745361328125,-0.06103515625,1.702290076335878,96.51908396946565,9.267175572519085,24.012352941176474
2024-10-31T03:33:51.576151,0.008544921875,-0.851806640625,-0.080322265625,-11.267175572519085,60.55725190839695,11.763358778625955,24.059411764705885
2024-10-31T03:33:51.682114,-0.114501953125,-1.009033203125,-0.06298828125,12.213740458015268,47.6793893129771,39.6412213740458,24.059411764705885
2024-10-31T03:33:51.788073,-0.12109375,-0.929443359375,-0.133544921875,-54.13740458015267,65.59541984732824,24.84732824427481,24.15352941176471
2024-10-31T03:33:51.894046,-0.220947265625,-0.997802734375,-0.195556640625,-11.305343511450381,18.786259541984734,-3.5572519083969465,24.106470588235297
2024-10-31T03:33:52.000038,-0.222900390625,-0.870361328125,-0.25634765625,-14.49618320610687,11.335877862595419,16.3206106870229,24.059411764705885
2024-10-31T03:33:52.106023,-0.22607421875,-0.859619140625,-0.27099609375,2.0076335877862594,-6.4961832061068705,-28.244274809160306,24.106470588235297
2024-10-31T03:33:52.211998,-0.145751953125,-0.938720703125,-0.2373046875,20.763358778625953,-12.221374045801527,-24.00763358778626,24.24764705882353
2024-10-31T03:33:52.317964,-0.1376953125,-0.869384765625,-0.205078125,22.328244274809162,-17.99236641221374,-29.885496183206108,24.15352941176471
2024-10-31T03:33:52.423911,-0.05810546875,-0.9423828125,-0.091552734375,34.14503816793893,-29.68702290076336,-30.076335877862597,24.106470588235297
2024-10-31T03:33:52.529888,-0.0380859375,-0.961181640625,-0.031005859375,30.099236641221374,-44.29770992366412,-21.65648854961832,24.15352941176471
2024-10-31T03:33:52.635842,0.092041015625,-0.98095703125,0.02685546875,14.534351145038167,-40.229007633587784,-11.664122137404581,24.15352941176471
2024-10-31T03:33:52.741810,0.12744140625,-1.061279296875,0.16748046875,32.282442748091604,-73.29770992366412,29.748091603053435,24.106470588235297
2024-10-31T03:33:52.847761,-0.02978515625,-1.08984375,0.162353515625,-24.0,-47.954198473282446,3.7938931297709924,24.24764705882353
2024-10-31T03:33:52.953708,0.046142578125,-0.99072265625,0.002197265625,-53.83206106870229,-37.93129770992366,12.679389312977099,24.15352941176471
2024-10-31T03:33:53.059634,-0.156982421875,-0.96044921875,-0.033203125,-28.52671755725191,-11.694656488549619,26.595419847328245,24.15352941176471
2024-10-31T03:33:53.165578,-0.158447265625,-0.8779296875,-0.06591796875,-17.30534351145038,-1.251908396946565,-4.206106870229007,24.20058823529412
2024-10-31T03:33:53.271536,-0.08203125,-0.90380859375,-0.14208984375,-1.450381679389313,-4.519083969465649,8.877862595419847,24.15352941176471
2024-10-31T03:33:53.377484,-0.121337890625,-0.947998046875,-0.119140625,-2.549618320610687,-2.0381679389312977,5.206106870229007,24.24764705882353
2024-10-31T03:33:53.483440,-0.09033203125,-0.934326171875,-0.154296875,-2.5572519083969465,-3.9618320610687023,-1.5419847328244274,24.20058823529412
2024-10-31T03:33:53.589389,-0.086181640625,-0.934814453125,-0.171630859375,-1.381679389312977,-1.1297709923664123,0.4122137404580153,24.24764705882353
2024-10-31T03:33:53.695349,-0.913818359375,-0.91015625,0.3671875,-48.58015267175573,-90.5114503816794,-101.45801526717557,24.24764705882353
2024-10-31T03:33:53.801298,-0.882080078125,-0.38134765625,0.69873046875,-32.7557251908397,23.52671755725191,-43.916030534351144,24.20058823529412
2024-10-31T03:33:53.907251,-0.115478515625,-0.924072265625,-0.218505859375,4.038167938931298,29.908396946564885,-40.954198473282446,24.15352941176471
2024-10-31T03:33:54.013198,-0.01416015625,-0.401611328125,-0.14306640625,39.02290076335878,63.282442748091604,28.022900763358777,24.24764705882353
2024-10-31T03:33:54.119150,0.426513671875,-0.874755859375,-0.6904296875,21.061068702290076,54.725190839694655,75.76335877862596,24.294705882352943
2024-10-31T03:33:54.225107,0.87060546875,-0.83740234375,-1.146240234375,53.12213740458015,47.6412213740458,12.725190839694656,24.24764705882353
2024-10-31T03:33:54.331071,1.261474609375,-1.502197265625,-1.5244140625,163.77862595419847,59.404580152671755,106.4885496183206,24.24764705882353
2024-10-31T03:33:54.437019,1.101318359375,-1.27587890625,-1.3076171875,117.16030534351145,61.099236641221374,184.7709923664122,24.388823529411766
2024-10-31T03:33:54.542973,1.131591796875,-1.332275390625,-1.24658203125,102.54198473282443,61.14503816793893,74.12213740458016,24.294705882352943
2024-10-31T03:33:54.648935,0.857421875,-0.851318359375,-1.000732421875,54.48091603053435,27.053435114503817,125.31297709923665,24.341764705882355
2024-10-31T03:33:54.754895,0.76171875,-1.353515625,-1.02978515625,62.55725190839695,28.587786259541986,107.16793893129771,24.20058823529412
2024-10-31T03:33:54.860854,0.9736328125,-0.2958984375,-0.968505859375,7.977099236641221,-16.30534351145038,132.3969465648855,24.20058823529412
2024-10-31T03:33:54.966810,0.57275390625,-1.947265625,-0.909912109375,83.76335877862596,41.01526717557252,67.54198473282443,24.341764705882355
2024-10-31T03:33:55.072759,0.4609375,-0.12353515625,-0.64990234375,54.32824427480916,43.412213740458014,188.4732824427481,24.341764705882355
2024-10-31T03:33:55.178718,0.390625,-0.45068359375,-0.619873046875,-58.63358778625954,-30.587786259541986,128.87786259541986,24.294705882352943
2024-10-31T03:33:55.284676,-0.09423828125,-1.540283203125,-0.656494140625,36.87786259541985,-41.89312977099237,26.076335877862597,24.388823529411766
2024-10-31T03:33:55.390630,-0.755859375,-2.0,-0.213623046875,-7.030534351145038,-18.14503816793893,95.27480916030534,24.341764705882355
2024-10-31T03:33:55.496575,-0.24609375,-0.433349609375,-0.170654296875,36.969465648854964,-3.1755725190839694,60.58015267175573,24.24764705882353
2024-10-31T03:33:55.602530,-0.129150390625,-1.526611328125,-0.290283203125,74.65648854961832,-39.19847328244275,-192.40458015267177,24.294705882352943
2024-10-31T03:33:55.708488,-0.509521484375,-1.65478515625,-0.22216796875,-1.3053435114503817,7.091603053435114,190.45038167938932,24.24764705882353
2024-10-31T03:33:55.814442,0.000244140625,-1.422119140625,-0.53369140625,89.69465648854961,16.022900763358777,-4.99236641221374,24.341764705882355
2024-10-31T03:33:55.920395,0.32861328125,-0.775146484375,-0.537109375,152.42748091603053,-13.51908396946565,-220.09923664122138,24.388823529411766
2024-10-31T03:33:56.026343,0.06298828125,-1.1630859375,-0.70458984375,181.01526717557252,-44.51908396946565,-250.13740458015266,24.294705882352943
2024-10-31T03:33:56.132299,0.265869140625,-0.766845703125,-0.26025390625,31.458015267175572,74.37404580152672,250.12977099236642,24.341764705882355
2024-10-31T03:33:56.238264,0.219970703125,-0.829345703125,-0.12158203125,-26.46564885496183,79.3587786259542,250.12977099236642,24.388823529411766
2024-10-31T03:33:56.344218,0.259765625,-0.930419921875,0.208984375,139.3969465648855,27.69465648854962,-250.13740458015266,24.294705882352943
2024-10-31T03:33:56.450174,-0.05419921875,-0.79052734375,-0.147705078125,31.068702290076335,-44.908396946564885,-250.13740458015266,24.435882352941178
2024-10-31T03:33:56.556129,0.296142578125,-1.010009765625,-0.412841796875,-158.63358778625954,-7.419847328244275,118.64885496183206,24.388823529411766
2024-10-31T03:33:56.662089,-0.05029296875,-1.44873046875,-0.085205078125,-3.7251908396946565,45.18320610687023,250.12977099236642,24.388823529411766
2024-10-31T03:33:56.768043,0.121826171875,-0.85595703125,-0.004150390625,171.27480916030535,-67.86259541984732,-250.13740458015266,24.341764705882355
2024-10-31T03:33:56.873993,0.146728515625,-0.0712890625,-0.37841796875,104.52671755725191,-6.183206106870229,-142.59541984732823,24.294705882352943
2024-10-31T03:33:56.979938,0.156005859375,-1.322998046875,0.0859375,-250.13740458015266,13.702290076335878,250.12977099236642,24.435882352941178
2024-10-31T03:33:57.085889,1.99993896484375,-1.49365234375,-0.3837890625,35.55725190839695,-55.213740458015266,249.0,25.141764705882352
2024-10-31T03:33:57.191848,0.012939453125,-1.345458984375,-0.108642578125,218.21374045801528,-38.396946564885496,-250.13740458015266,23.73
2024-10-31T03:33:57.297802,0.14794921875,-0.268310546875,-0.3505859375,33.3206106870229,108.72519083969466,240.27480916030535,25.188823529411764
2024-10-31T03:33:57.403756,-0.041748046875,-0.0009765625,-0.186767578125,-114.5114503816794,163.44274809160305,-250.13740458015266,23.73
2024-10-31T03:33:57.509709,-0.074462890625,-0.5615234375,-0.09375,130.18320610687022,33.412213740458014,-250.13740458015266,25.188823529411764
2024-10-31T03:33:57.615662,0.698974609375,-1.274169921875,0.487548828125,76.26717557251908,-16.427480916030536,-163.6946564885496,24.48294117647059
2024-10-31T03:33:57.721622,0.329345703125,-0.6806640625,0.547607421875,-27.64885496183206,0.35877862595419846,-7.236641221374046,23.73
2024-10-31T03:33:57.827574,0.318115234375,-0.7177734375,0.567626953125,55.62595419847328,5.99236641221374,-17.48854961832061,24.435882352941178
2024-10-31T03:33:57.933521,0.3271484375,-0.73193359375,0.57861328125,8.702290076335878,5.511450381679389,-4.9465648854961835,24.53
2024-10-31T03:33:58.039472,0.29541015625,-0.741455078125,0.560791015625,0.8473282442748091,1.6259541984732824,3.0,24.577058823529413
2024-10-31T03:33:58.145464,0.31396484375,-0.76171875,0.57080078125,-0.19083969465648856,5.8320610687022905,-3.7557251908396947,25.188823529411764
2024-10-31T03:33:58.251499,0.298828125,-0.77001953125,0.59033203125,0.44274809160305345,-0.015267175572519083,0.6412213740458015,24.48294117647059
2024-10-31T03:33:58.357522,0.310791015625,-0.753662109375,0.572998046875,1.015267175572519,-0.9694656488549618,0.2748091603053435,24.48294117647059
2024-10-31T03:33:58.463500,0.310546875,-0.76123046875,0.57958984375,0.6946564885496184,-0.04580152671755725,0.6335877862595419,24.48294117647059
2024-10-31T03:33:58.569448,0.300537109375,-0.771484375,0.60302734375,0.11450381679389313,-0.29770992366412213,0.007633587786259542,24.435882352941178
2024-10-31T03:33:58.675418,0.30712890625,-0.74853515625,0.5654296875,1.2748091603053435,0.8778625954198473,2.480916030534351,25.141764705882352
2024-10-31T03:33:58.781378,0.298095703125,-0.752685546875,0.587646484375,1.3129770992366412,-0.35877862595419846,0.04580152671755725,24.53
2024-10-31T03:33:58.887325,0.303955078125,-0.76611328125,0.60400390625,0.7786259541984732,-0.6717557251908397,-0.25190839694656486,24.53
2024-10-31T03:33:58.993272,0.274658203125,-0.787109375,0.595703125,0.2824427480916031,0.19083969465648856,-3.66412213740458,24.577058823529413
2024-10-31T03:33:59.099226,0.3017578125,-0.756103515625,0.589111328125,1.1755725190839694,-0.3282442748091603,-0.10687022900763359,24.53
2024-10-31T03:33:59.205186,0.2822265625,-0.741943359375,0.553466796875,1.3282442748091603,0.9847328244274809,1.549618320610687,24.48294117647059
2024-10-31T03:33:59.311150,0.301025390625,-0.7666015625,0.59521484375,0.7175572519083969,-0.3893129770992366,1.7938931297709924,24.577058823529413
2024-10-31T03:33:59.417106,0.3076171875,-0.763671875,0.593505859375,0.8091603053435115,-0.5725190839694656,-0.2824427480916031,24.53
2024-10-31T03:33:59.523048,0.2890625,-0.75537109375,0.579345703125,1.2290076335877862,-0.6030534351145038,-0.16030534351145037,24.48294117647059
2024-10-31T03:33:59.629005,0.287109375,-0.77001953125,0.6025390625,0.9236641221374046,-0.5725190839694656,-0.5572519083969466,23.73
2024-10-31T03:33:59.734961,0.285888671875,-0.770263671875,0.598388671875,0.7709923664122137,-0.6793893129770993,-0.17557251908396945,24.53
2024-10-31T03:33:59.840936,0.28759765625,-0.763427734375,0.5791015625,1.3358778625954197,-0.22137404580152673,-0.17557251908396945,23.73
2024-10-31T03:33:59.946922,0.286865234375,-0.757568359375,0.58740234375,1.4351145038167938,-0.21374045801526717,-0.8931297709923665,24.53
2024-10-31T03:34:00.052908,0.2890625,-0.769775390625,0.59521484375,0.7251908396946565,-0.6335877862595419,-0.2595419847328244,24.577058823529413
2024-10-31T03:34:00.158895,0.2880859375,-0.7705078125,0.606201171875,0.8015267175572519,-0.4580152671755725,-0.35877862595419846,24.53
2024-10-31T03:34:00.264869,0.28857421875,-0.760009765625,0.620849609375,1.1526717557251909,0.7022900763358778,1.633587786259542,24.577058823529413
2024-10-31T03:34:00.370828,0.29150390625,-0.767333984375,0.596435546875,0.9541984732824428,-0.8015267175572519,-0.366412213740458,24.53
2024-10-31T03:34:00.476784,0.29150390625,-0.76904296875,0.59765625,0.5190839694656488,-0.5419847328244275,-0.20610687022900764,24.577058823529413
2024-10-31T03:34:00.582734,0.282958984375,-0.75732421875,0.5869140625,1.183206106870229,-0.24427480916030533,-0.1450381679389313,23.777058823529412
2024-10-31T03:34:00.688683,0.28515625,-0.754638671875,0.598876953125,0.9770992366412213,-0.549618320610687,0.2366412213740458,24.53
2024-10-31T03:34:00.794631,0.282470703125,-0.771240234375,0.5859375,0.6183206106870229,-0.816793893129771,-0.007633587786259542,24.577058823529413
2024-10-31T03:34:00.900576,0.288818359375,-0.76220703125,0.596923828125,0.7175572519083969,-0.5954198473282443,0.16793893129770993,24.53
2024-10-31T03:34:01.006536,0.283447265625,-0.75732421875,0.583984375,0.8091603053435115,-0.3511450381679389,0.12213740458015267,24.48294117647059
2024-10-31T03:34:01.112500,0.2890625,-0.76123046875,0.59619140625,0.4961832061068702,-0.6793893129770993,0.11450381679389313,24.577058823529413
2024-10-31T03:34:01.218488,0.284423828125,-0.7626953125,0.591064453125,0.2366412213740458,-0.5954198473282443,0.6870229007633588,24.53
2024-10-31T03:34:01.324463,0.2841796875,-0.76318359375,0.59375,0.8549618320610687,-0.44274809160305345,0.35877862595419846,23.824117647058827
2024-10-31T03:34:01.430419,0.28369140625,-0.7734375,0.591552734375,0.8320610687022901,-0.6030534351145038,0.061068702290076333,24.53
2024-10-31T03:34:01.536367,0.296142578125,-0.770263671875,0.590087890625,0.46564885496183206,-0.7175572519083969,0.09923664122137404,24.577058823529413
2024-10-31T03:34:01.642319,0.283935546875,-0.759765625,0.607666015625,0.816793893129771,-0.4732824427480916,0.12213740458015267,24.671176470588236
2024-10-31T03:34:01.748264,0.282958984375,-0.760498046875,0.601318359375,1.0305343511450382,-0.5801526717557252,-1.8549618320610688,24.624117647058824
2024-10-31T03:34:01.854217,0.29296875,-0.76953125,0.587890625,0.6793893129770993,-0.3282442748091603,0.20610687022900764,24.48294117647059
2024-10-31T03:34:01.960161,0.278564453125,-0.75537109375,0.6005859375,0.48854961832061067,-0.5801526717557252,0.42748091603053434,24.624117647058824
2024-10-31T03:34:02.066113,0.2734375,-0.7607421875,0.589599609375,1.1908396946564885,-0.22137404580152673,0.6412213740458015,24.624117647058824
2024-10-31T03:34:02.172080,0.279541015625,-0.765869140625,0.593994140625,0.9389312977099237,-0.8931297709923665,-0.31297709923664124,24.577058823529413
2024-10-31T03:34:02.278046,0.27880859375,-0.769287109375,0.595947265625,0.8931297709923665,-0.549618320610687,-0.5572519083969466,24.624117647058824
2024-10-31T03:34:02.383997,0.279541015625,-0.764892578125,0.5908203125,0.9236641221374046,-0.3816793893129771,1.9465648854961832,24.577058823529413
2024-10-31T03:34:02.489950,0.275390625,-0.7783203125,0.597900390625,1.1297709923664123,-0.46564885496183206,-0.19083969465648856,24.53
2024-10-31T03:34:02.595900,0.28466796875,-0.78076171875,0.59423828125,0.9007633587786259,-0.6183206106870229,-0.3511450381679389,24.671176470588236
2024-10-31T03:34:02.701866,0.280517578125,-0.763427734375,0.60107421875,1.0305343511450382,-0.5267175572519084,-0.24427480916030533,24.624117647058824
2024-10-31T03:34:02.807809,0.2822265625,-0.75634765625,0.59130859375,1.3053435114503817,-0.33587786259541985,-0.37404580152671757,24.624117647058824
2024-10-31T03:34:02.913755,0.27587890625,-0.765625,0.596435546875,0.9465648854961832,-0.48091603053435117,-0.6717557251908397,24.671176470588236
2024-10-31T03:34:03.019708,0.278076171875,-0.768798828125,0.598388671875,0.7175572519083969,-0.31297709923664124,-0.7022900763358778,24.624117647058824
2024-10-31T03:34:03.125665,0.277587890625,-0.76123046875,0.59521484375,1.0381679389312977,-0.3969465648854962,-0.31297709923664124,24.671176470588236
2024-10-31T03:34:03.231628,0.2822265625,-0.7666015625,0.593505859375,1.0229007633587786,-0.6030534351145038,-0.12213740458015267,24.624117647058824
2024-10-31T03:34:03.337581,0.282470703125,-0.772705078125,0.5966796875,0.9465648854961832,-0.8702290076335878,-0.2366412213740458,24.671176470588236
2024-10-31T03:34:03.443531,0.274658203125,-0.6953125,0.463623046875,5.427480916030534,7.732824427480916,10.244274809160306,24.577058823529413
2024-10-31T03:34:03.549479,0.28076171875,-0.75732421875,0.593505859375,1.4045801526717556,-0.32061068702290074,-0.06870229007633588,24.624117647058824
2024-10-31T03:34:03.655435,0.277099609375,-0.76611328125,0.592529296875,0.816793893129771,-0.5954198473282443,-0.25190839694656486,24.577058823529413
2024-10-31T03:34:03.761393,0.277587890625,-0.7685546875,0.608642578125,0.5267175572519084,-0.40458015267175573,-0.24427480916030533,24.624117647058824
2024-10-31T03:34:03.867345,0.275390625,-0.76025390625,0.598876953125,0.8015267175572519,-0.5419847328244275,0.24427480916030533,24.624117647058824
2024-10-31T03:34:03.973290,0.27978515625,-0.779296875,0.596435546875,0.8625954198473282,-0.6870229007633588,0.24427480916030533,24.671176470588236
2024-10-31T03:34:04.079248,0.279052734375,-0.77978515625,0.594970703125,0.5877862595419847,-0.8396946564885496,0.25190839694656486,24.624117647058824
2024-10-31T03:34:04.185222,0.271484375,-0.760498046875,0.595947265625,0.5572519083969466,-0.7099236641221374,0.4198473282442748,24.671176470588236
2024-10-31T03:34:04.291187,0.296630859375,-0.7509765625,0.59521484375,1.1755725190839694,-0.5877862595419847,0.0,24.624117647058824
2024-10-31T03:34:04.397163,0.271484375,-0.7724609375,0.5908203125,0.7022900763358778,-0.7099236641221374,0.04580152671755725,24.671176470588236
2024-10-31T03:34:04.503121,0.27734375,-0.7763671875,0.59912109375,0.2824427480916031,-0.7938931297709924,0.0,24.671176470588236
2024-10-31T03:34:04.609072,0.271728515625,-0.758056640625,0.6025390625,0.9007633587786259,-0.5648854961832062,0.37404580152671757,24.718235294117648
2024-10-31T03:34:04.715028,0.288330078125,-0.76513671875,0.594970703125,0.9389312977099237,-0.8549618320610687,-0.030534351145038167,24.671176470588236
2024-10-31T03:34:04.820978,0.27490234375,-0.778076171875,0.597412109375,0.40458015267175573,-0.6946564885496184,-0.46564885496183206,24.624117647058824
2024-10-31T03:34:04.926932,0.2724609375,-0.76318359375,0.60498046875,0.5954198473282443,-0.4961832061068702,-0.33587786259541985,24.671176470588236
2024-10-31T03:34:05.032882,0.279052734375,-0.755859375,0.603271484375,1.3969465648854962,-0.4122137404580153,-0.03816793893129771,24.624117647058824
2024-10-31T03:34:05.138851,0.295166015625,-0.76708984375,0.60400390625,0.8015267175572519,-0.6106870229007634,-0.1984732824427481,24.671176470588236
2024-10-31T03:34:05.244813,0.2666015625,-0.77734375,0.5849609375,0.6183206106870229,-0.4961832061068702,-0.9694656488549618,24.718235294117648
2024-10-31T03:34:05.350767,0.273193359375,-0.75537109375,0.597900390625,1.2061068702290076,-0.3435114503816794,-0.366412213740458,24.624117647058824
2024-10-31T03:34:05.456722,0.26708984375,-0.756103515625,0.596435546875,1.297709923664122,-0.2900763358778626,-0.20610687022900764,24.53
2024-10-31T03:34:05.562674,0.2724609375,-0.786376953125,0.60107421875,0.6946564885496184,-0.6717557251908397,-0.4351145038167939,24.624117647058824
2024-10-31T03:34:05.668627,0.267578125,-0.75439453125,0.595703125,0.8549618320610687,-0.3816793893129771,-0.4198473282442748,24.577058823529413
2024-10-31T03:34:05.774579,0.274658203125,-0.765625,0.582763671875,1.3969465648854962,-0.31297709923664124,-0.13740458015267176,24.718235294117648
2024-10-31T03:34:05.880532,0.286865234375,-0.7744140625,0.596923828125,1.1145038167938932,-0.7175572519083969,-0.33587786259541985,24.671176470588236
2024-10-31T03:34:05.986479,0.274658203125,-0.774169921875,0.607666015625,0.48091603053435117,-0.5801526717557252,-0.5648854961832062,24.718235294117648
2024-10-31T03:34:06.092447,0.27099609375,-0.74462890625,0.59765625,1.1145038167938932,-0.366412213740458,-0.22137404580152673,24.671176470588236
2024-10-31T03:34:06.198415,0.263671875,-0.765380859375,0.594482421875,1.183206106870229,-0.37404580152671757,-0.1297709923664122,24.671176470588236
2024-10-31T03:34:06.304363,0.272216796875,-0.7841796875,0.595947265625,0.48091603053435117,-0.7099236641221374,-0.3893129770992366,24.718235294117648
2024-10-31T03:34:06.410317,0.273193359375,-0.750732421875,0.59375,0.6564885496183206,-0.5801526717557252,-0.12213740458015267,24.577058823529413
2024-10-31T03:34:06.516270,0.273681640625,-0.750244140625,0.5966796875,1.4274809160305344,-0.45038167938931295,0.17557251908396945,24.718235294117648
2024-10-31T03:34:06.622223,0.291259765625,-0.767822265625,0.595947265625,0.7251908396946565,-0.6259541984732825,-0.1297709923664122,24.577058823529413
2024-10-31T03:34:06.728174,0.273681640625,-0.771484375,0.599609375,0.16793893129770993,-0.5190839694656488,-0.07633587786259542,24.624117647058824
2024-10-31T03:34:06.834121,0.2744140625,-0.75244140625,0.6025390625,0.8473282442748091,-0.46564885496183206,0.11450381679389313,24.718235294117648
2024-10-31T03:34:06.940072,0.277587890625,-0.772705078125,0.5888671875,1.1755725190839694,-0.4732824427480916,0.13740458015267176,24.624117647058824
2024-10-31T03:34:07.046022,0.279052734375,-0.78515625,0.59765625,0.2748091603053435,-0.6870229007633588,-0.0916030534351145,24.624117647058824
2024-10-31T03:34:07.151993,0.275634765625,-0.763916015625,0.6005859375,0.5038167938931297,-0.6793893129770993,0.26717557251908397,24.671176470588236
2024-10-31T03:34:07.257965,0.274658203125,-0.759521484375,0.58544921875,1.2900763358778626,-0.3816793893129771,0.40458015267175573,24.624117647058824
2024-10-31T03:34:07.363916,0.27880859375,-0.775146484375,0.59619140625,0.7480916030534351,-0.7480916030534351,-0.030534351145038167,24.671176470588236
2024-10-31T03:34:07.469880,0.278076171875,-0.779052734375,0.597412109375,0.03816793893129771,-0.816793893129771,-0.10687022900763359,24.718235294117648
2024-10-31T03:34:07.575837,0.279541015625,-0.736328125,0.598388671875,1.015267175572519,-0.549618320610687,0.33587786259541985,24.671176470588236
2024-10-31T03:34:07.681788,0.27001953125,-0.75830078125,0.599609375,1.3282442748091603,-0.3435114503816794,0.16030534351145037,24.624117647058824
2024-10-31T03:34:07.787735,0.278076171875,-0.79150390625,0.602783203125,0.21374045801526717,-0.6259541984732825,-0.22137404580152673,24.577058823529413
2024-10-31T03:34:07.893695,0.26953125,-0.736328125,0.60205078125,0.5572519083969466,-0.5572519083969466,-0.33587786259541985,24.718235294117648
2024-10-31T03:34:07.999643,0.27734375,-0.7451171875,0.591064453125,1.534351145038168,-0.2900763358778626,-0.0916030534351145,24.624117647058824
2024-10-31T03:34:08.105609,0.290283203125,-0.79248046875,0.54443359375,0.15267175572519084,-0.9389312977099237,2.030534351145038,24.671176470588236
2024-10-31T03:34:08.211581,0.27001953125,-0.7861328125,0.6083984375,0.26717557251908397,-0.6259541984732825,-0.07633587786259542,24.718235294117648
2024-10-31T03:34:08.317539,0.26904296875,-0.74560546875,0.6171875,1.1450381679389312,-0.45038167938931295,-0.2366412213740458,24.671176470588236
2024-10-31T03:34:08.423489,0.268798828125,-0.771240234375,0.5966796875,1.7251908396946565,-0.37404580152671757,-0.2900763358778626,24.624117647058824
2024-10-31T03:34:08.529438,0.2705078125,-0.78515625,0.59765625,0.44274809160305345,-0.6641221374045801,-0.7633587786259542,24.718235294117648
2024-10-31T03:34:08.635387,0.266357421875,-0.76806640625,0.608642578125,0.5267175572519084,-0.33587786259541985,-0.22900763358778625,24.671176470588236
2024-10-31T03:34:08.741333,0.2666015625,-0.758056640625,0.602294921875,1.6488549618320612,-0.25190839694656486,-0.1450381679389313,24.624117647058824
2024-10-31T03:34:08.847280,0.27294921875,-0.773193359375,0.602783203125,1.1068702290076335,-0.6870229007633588,-0.3893129770992366,24.671176470588236
2024-10-31T03:34:08.953226,0.25048828125,-0.78466796875,0.606689453125,0.13740458015267176,-0.7251908396946565,-0.5267175572519084,24.577058823529413
2024-10-31T03:34:09.059185,0.25830078125,-0.7421875,0.622802734375,1.0229007633587786,-0.44274809160305345,-0.0916030534351145,24.624117647058824
2024-10-31T03:34:09.165149,0.270751953125,-0.750244140625,0.578369140625,1.6564885496183206,-0.44274809160305345,-0.13740458015267176,24.671176470588236
2024-10-31T03:34:09.271117,0.272705078125,-0.79052734375,0.603759765625,0.549618320610687,-0.6870229007633588,-0.22900763358778625,24.624117647058824
2024-10-31T03:34:09.377066,0.279052734375,-0.75732421875,0.61376953125,0.22900763358778625,-0.5267175572519084,-0.17557251908396945,24.671176470588236
2024-10-31T03:34:09.482992,0.26708984375,-0.7431640625,0.6025390625,1.6030534351145038,-0.46564885496183206,0.22137404580152673,24.671176470588236
2024-10-31T03:34:09.588930,0.26904296875,-0.7802734375,0.5986328125,0.9465648854961832,-0.7786259541984732,-0.015267175572519083,24.718235294117648
2024-10-31T03:34:09.694883,0.2734375,-0.794189453125,0.603515625,-0.07633587786259542,-0.7633587786259542,0.015267175572519083,24.718235294117648
2024-10-31T03:34:09.800829,0.266357421875,-0.7470703125,0.597412109375,0.9083969465648855,-0.5114503816793893,0.1984732824427481,24.671176470588236
2024-10-31T03:34:09.906782,0.274169921875,-0.7587890625,0.593017578125,1.5267175572519085,-0.4351145038167939,0.22137404580152673,24.624117647058824
2024-10-31T03:34:10.012728,0.268310546875,-0.78369140625,0.6083984375,0.3435114503816794,-0.6335877862595419,-0.12213740458015267,24.624117647058824
2024-10-31T03:34:10.118702,0.265380859375,-0.77099609375,0.601318359375,0.08396946564885496,-0.6030534351145038,0.16793893129770993,24.671176470588236
2024-10-31T03:34:10.224694,0.256103515625,-0.744140625,0.597412109375,1.4885496183206106,-0.45038167938931295,0.1450381679389313,24.624117647058824
2024-10-31T03:34:10.330655,0.2724609375,-0.785888671875,0.59228515625,1.0458015267175573,-0.7709923664122137,-0.07633587786259542,24.671176470588236
2024-10-31T03:34:10.436636,0.27099609375,-0.791748046875,0.5986328125,1.816793893129771,-0.6641221374045801,-0.25190839694656486,24.624117647058824
2024-10-31T03:34:10.542596,0.267578125,-0.746337890625,0.610595703125,0.7099236641221374,-0.48854961832061067,0.1297709923664122,24.671176470588236
2024-10-31T03:34:10.648548,0.27294921875,-0.75927734375,0.58544921875,1.6641221374045803,-0.44274809160305345,-1.9389312977099236,24.624117647058824
2024-10-31T03:34:10.754503,0.273681640625,-0.787841796875,0.592041015625,0.46564885496183206,-0.6259541984732825,-0.4580152671755725,24.624117647058824
2024-10-31T03:34:10.860452,0.26416015625,-0.772216796875,0.607177734375,0.3282442748091603,-0.5954198473282443,-0.35877862595419846,24.577058823529413
2024-10-31T03:34:10.966403,0.269775390625,-0.7421875,0.597900390625,1.5114503816793894,-0.16030534351145037,-0.5343511450381679,24.624117647058824
2024-10-31T03:34:11.072365,0.267578125,-0.767822265625,0.594482421875,1.1755725190839694,-0.6106870229007634,-0.48091603053435117,24.53
2024-10-31T03:34:11.178336,0.254150390625,-0.792236328125,0.5986328125,0.183206106870229,-0.7022900763358778,-0.7633587786259542,24.624117647058824
2024-10-31T03:34:11.284287,0.262451171875,-0.759033203125,0.60498046875,0.9923664122137404,-0.4732824427480916,-0.21374045801526717,24.624117647058824
2024-10-31T03:34:11.390240,0.267822265625,-0.752197265625,0.606201171875,1.916030534351145,-0.29770992366412213,-0.31297709923664124,24.577058823529413
2024-10-31T03:34:11.496189,0.267578125,-0.781494140625,0.59765625,0.7557251908396947,-0.7022900763358778,-0.5877862595419847,24.624117647058824
2024-10-31T03:34:11.602141,0.26416015625,-0.790283203125,0.60791015625,0.3511450381679389,-0.4351145038167939,-0.6030534351145038,24.624117647058824
2024-10-31T03:34:11.708088,0.26708984375,-0.743408203125,0.59814453125,1.6564885496183206,-0.24427480916030533,-0.08396946564885496,24.577058823529413
2024-10-31T03:34:11.814039,0.27392578125,-0.769775390625,0.595703125,1.3740458015267176,-0.6717557251908397,-0.549618320610687,24.624117647058824
2024-10-31T03:34:11.919986,0.26806640625,-0.7958984375,0.608154296875,0.03816793893129771,-0.7938931297709924,-0.3435114503816794,24.624117647058824
2024-10-31T03:34:12.025930,0.260498046875,-0.748779296875,0.60546875,0.9312977099236641,-0.549618320610687,1.8702290076335877,24.671176470588236
2024-10-31T03:34:12.131902,0.26806640625,-0.7421875,0.595703125,1.6870229007633588,-0.37404580152671757,0.08396946564885496,24.624117647058824
2024-10-31T03:34:12.237866,0.27099609375,-0.78662109375,0.599853515625,0.5419847328244275,-0.7480916030534351,-0.22137404580152673,24.48294117647059
2024-10-31T03:34:12.343815,0.26416015625,-0.777099609375,0.601806640625,0.16030534351145037,-0.7022900763358778,1.8625954198473282,24.671176470588236
2024-10-31T03:34:12.449764,0.26806640625,-0.746826171875,0.60498046875,1.3511450381679388,-0.3435114503816794,-0.0916030534351145,24.624117647058824
2024-10-31T03:34:12.555710,0.2744140625,-0.760986328125,0.59619140625,1.282442748091603,-0.7251908396946565,0.17557251908396945,24.671176470588236
2024-10-31T03:34:12.661662,0.27099609375,-0.792724609375,0.59765625,-0.1450381679389313,-0.7404580152671756,-0.015267175572519083,24.53
2024-10-31T03:34:12.767610,0.280517578125,-0.73681640625,0.607421875,0.7709923664122137,-0.5343511450381679,0.22900763358778625,24.53
2024-10-31T03:34:12.873553,0.276611328125,-0.73583984375,0.59814453125,1.7328244274809161,-0.42748091603053434,0.25190839694656486,24.76529411764706
2024-10-31T03:34:12.979504,0.275146484375,-0.793701171875,0.595947265625,0.46564885496183206,-0.7099236641221374,-0.007633587786259542,24.624117647058824
2024-10-31T03:34:13.085466,0.2685546875,-0.77294921875,0.603759765625,-0.1450381679389313,-0.6564885496183206,-0.183206106870229,24.577058823529413
2024-10-31T03:34:13.191455,0.269287109375,-0.743408203125,0.603515625,1.4809160305343512,-0.45038167938931295,0.32061068702290074,24.624117647058824
2024-10-31T03:34:13.297424,0.279296875,-0.76708984375,0.6005859375,1.3282442748091603,-0.5267175572519084,0.0916030534351145,24.577058823529413
2024-10-31T03:34:13.403380,0.2724609375,-0.79296875,0.5966796875,-1.9541984732824427,-0.732824427480916,-0.05343511450381679,24.577058823529413
2024-10-31T03:34:13.509326,0.264404296875,-0.761962890625,0.609619140625,0.816793893129771,-0.5038167938931297,-0.1297709923664122,24.624117647058824
2024-10-31T03:34:13.615282,0.268798828125,-0.74462890625,0.593505859375,1.748091603053435,-0.366412213740458,-0.20610687022900764,24.577058823529413
2024-10-31T03:34:13.721231,0.27783203125,-0.8115234375,0.60205078125,0.7251908396946565,-0.5572519083969466,-0.37404580152671757,24.48294117647059
2024-10-31T03:34:13.827186,0.267822265625,-0.7880859375,0.60791015625,0.03816793893129771,-0.5801526717557252,-0.3893129770992366,24.624117647058824
2024-10-31T03:34:13.933133,0.263916015625,-0.748291015625,0.595703125,1.618320610687023,-0.17557251908396945,-0.2900763358778626,24.577058823529413
2024-10-31T03:34:14.039085,0.275146484375,-0.783447265625,0.60009765625,1.5267175572519085,-0.4198473282442748,-0.32061068702290074,24.577058823529413
2024-10-31T03:34:14.145059,0.2705078125,-0.789306640625,0.592041015625,0.33587786259541985,-0.6030534351145038,-0.4961832061068702,24.53
2024-10-31T03:34:14.251024,0.259521484375,-0.7607421875,0.59423828125,0.7175572519083969,-0.5190839694656488,-0.1297709923664122,24.48294117647059
2024-10-31T03:34:14.356972,0.263916015625,-0.754150390625,0.584716796875,1.83206106870229,-0.3816793893129771,-0.2366412213740458,24.624117647058824
2024-10-31T03:34:14.462926,0.26611328125,-0.784912109375,0.589111328125,0.7709923664122137,-0.6030534351145038,-0.366412213740458,24.718235294117648
2024-10-31T03:34:14.568872,0.252685546875,-0.778564453125,0.602294921875,0.07633587786259542,-0.6030534351145038,-0.0916030534351145,24.577058823529413
2024-10-31T03:34:14.674826,0.2646484375,-0.724853515625,0.60888671875,1.6488549618320612,-0.4351145038167939,-0.1450381679389313,24.624117647058824
2024-10-31T03:34:14.780773,0.26708984375,-0.758544921875,0.59423828125,1.5877862595419847,-0.4961832061068702,-0.06870229007633588,24.624117647058824
2024-10-31T03:34:14.886722,0.253662109375,-0.782470703125,0.6025390625,-1.8549618320610688,-0.8244274809160306,-0.17557251908396945,24.48294117647059
2024-10-31T03:34:14.992673,0.267333984375,-0.765380859375,0.61767578125,0.5343511450381679,-0.6870229007633588,0.030534351145038167,23.73
